代码,地名
WX4FBXXFKE4F,北京
WX4G0URR276S,东城
WX4EPCD9BMPN,西城
WX4G17JWZEK7,朝阳
WX4DWN2X06KM,丰台
WX4DUXSF6714,石景山
WX4EQ2XJD7V2,海淀
WX4E1VJ3N56X,门头沟
WX4D4S7291H4,房山
WX4GN7JYY527,通州
WX4UQ3MYNN0Q,顺义
WX4SUCU47R3T,昌平
WX4DP0SUJ2YC,大兴
WX4VMUP35BZ0,怀柔
WX5K31KNJY1W,平谷
WX5JDT1H236N,密云
WX4QNGWY2FE8,延庆
WWGQDCW6TBW1,天津
WWGQE0U6VS5D,和平
WWGQEFZMJC1W,河东
WWGQ7R6ZUMF7,河西
WWGQ9STVVP3Y,南开
WWGQDWRQSXXW,河北
WWGQC9YRXSBV,红桥
WWGQM4R38052,东丽
WWGNW7KUC8EN,西青
WWGMZ01DBNXT,津南
WWGR17G3NCFH,北辰
WX50P0FTHSHF,武清
WX53VNZ3B0EM,宝坻
WWGTYKJXE1UQ,滨海新区
WWGZ9PCCUGRS,宁河
WWGJKWFX9MYZ,静海
WX57ZDBH4M0G,蓟州
WWC2MYYCM6J5,石家庄
WWC2QK2826WW,长安
WWC2HQR941EY,桥西
WWC2KWC5J30V,新华
WWC0M54UVCB4,井陉
WWC2NNFBK813,裕华
WWC8M50SUCVF,藁城
WWC28UQ8P492,鹿泉
WW9X2ZVDFXU1,栾城
WWC0M73KEJJ4,井陉
WWC3P0GRF7RY,正定
WWC6WEUYBRNZ,行唐
WWC3FS39WJMP,灵寿
WW9MZUC5VS12,高邑
WWCCJQQNDECG,深泽
WW9Q6C8GXHVW,赞皇
WWCC0NQWE5V7,无极
WWC1WEJYKUGC,平山
WW9QVBNVTQJ1,元氏
WW9WG8HVWY49,赵县
WW9ZTZHSH874,辛集
WWCB3E4KC3BD,晋州
WWCD1T7KVWJU,新乐
WXH13WQT7XKN,唐山
WXH12T28ZCYU,路南
WXH13T4TDV3W,路北
WXH4P1N2GBRN,古冶
WXH1DVXJJ7JU,开平
WX5CP7MZCQWS,丰南
WXH494BF8D4K,丰润
WWUNZ5FRFWND,曹妃甸
WXH2SWU0HMTY,滦南
WXH838HQ4U9G,乐亭
WXHHKMJFXY6X,迁西
WX5DZ5BMGFFD,玉田
WX5US4896NYS,遵化
WXH7TJ6TQKXN,迁安
WXH6JH68W3P4,滦州
WXJ51T411GRX,秦皇岛
WXJ528H2CCFH,海港
WXJ5MMTY1TV3,山海关
WXHFWFFDTF1H,北戴河
WXHFC5UTU6GD,抚宁
WXHTFF8EPCUE,青龙
WXH9ZG0VQ22K,昌黎
WXHDBGYMZFB6,卢龙
WW92M43YCQG0,邯郸
WW92J5JNFTQ4,邯山
WW92MJQVK1XG,丛台
WW92KTBK4BK7,复兴
WW3PQKGPBU90,峰峰
WW3XUMDZ1VU6,肥乡
WW93JP9G12GN,永年
WW3WB1RDPE4S,临漳
WW3X1XGKJSJY,成安
WW3YKK9DM6PJ,大名
WW8B497GWYP5,涉县
WW3QF93DN5JH,磁县
WW9CKYBHP92R,邱县
WW9DJCJF94B4,鸡泽
WW3XX2CRRHGK,广平
WW3ZZDNFSTX3,馆陶
WW3WZKCQX57K,魏县
WW99PZ8510UQ,曲周
WW90Y9JBUZGG,武安
WW96VECQ55CT,桥东
WW96UDKYNGT7,桥西
WW96VH3U3KG5,邢台
WW9KVTBME3SP,临城
WW9KJYQBJRVN,内丘
WW9T3DEMMDTV,柏乡
WW9S7XKGWBDS,隆尧
WW9E1X73VTTV,任县
WW9D3XEKTEVV,南和
WW9WP0D0QH6C,宁晋
WW9G9XDQ1QBS,巨鹿
WW9VW84KPEHD,新河
WW9FUK3SMKZ5,广宗
WW9FCS6K3KBE,平乡
WW9FQS42PESS,威县
WWD6BHKK6KG7,清河
WWD1SK2DC1FH,临西
WWDH3X35SBES,南宫
WW93TS26G3UH,沙河
WWFJ5S4DNJ0T,保定
WWFJ5JMBF7CD,竞秀
WWFJHN3UNPX7,莲池
WWFJ84TKNY22,满城
WWFHECCGX5C4,清苑
WWFJZXMGBR4N,徐水
WX421K89XKQ4,涞水
WWCJN0RMDUFV,阜平
WWFR6KVHKD8D,定兴
WWCU2QJZH5W1,唐县
WWFK49KRMD97,高阳
WWFQHSVFWXW5,容城
WWCXCE7QMETV,涞源
WWCUK2C8M7PH,望都
WWFMQJ1TKVC7,安新
WWFPU72W35DJ,易县
WWCEDN9CZ9YC,曲阳
WWF4VV5D0PVV,蠡县
WWCUGUG15KWH,顺平
WWF4EXDEQP88,博野
WWFTCBJ6YNDT,雄县
WX42WGNG8V7T,涿州
WWCG0HQE70MQ,定州
WWF484JKWZ07,安国
WWFRSPZ3UEMH,高碑店
WX38NPJ1DP88,张家口
WX38N3543Y5E,桥东
WX38JY8ZKHXS,桥西
WX1YFP0B5K9C,宣化
WX1YRM11239W,下花园
WX1XFD29CWXF,万全
WX3CP43599T9,崇礼
WX3D451UPEYZ,张北
WX3W04X9ZT6W,康保
WX6M0CF1M7HB,沽源
WX319QQKM7P3,尚义
WX16XN7R46RV,蔚县
WX1HNP85CY46,阳原
WX1R7EWPGJRZ,怀安
WX4JUDX551G5,怀来
WX1VTYUWS9E4,涿鹿
WX62GC2B68GG,赤城
WX7C5D6581T3,承德
WX7C5DZJSF0K,双桥
WX7C02NE1C46,双滦
WX5WTM1EG05G,鹰手营
WXHPCJBY2WF7,承德县
WX5W40P3Y6R2,兴隆
WX72VGJ4E1J0,滦平
WX7ENF146Y60,隆化
WX6FQKJZQH8M,丰宁
WXHQBP480HE1,宽城
WX7WX3NGVYE8,围场
WXK3HXU4K3VY,平泉
WWG1FS318M6P,沧州
WWG1GNZ4XV45,新华
WWG1FQN3QJUR,运河
WWG1GKQ1SMKP,沧县
WWG56R38Z332,青县
WWDZ7XYDCZCC,东光
WWG8CM6767JJ,海兴
WWG27QUCRFP5,盐山
WWF6EGBYFX5Z,肃宁
WWFBRE4KG1FF,南皮
WWDY02926S39,吴桥
WWF94QKN85GE,献县
WWG28DMTGF2E,孟村
WWFBSD7TVF7G,泊头
WWFS3BV2Q54S,任丘
WWG6Q359MNQJ,黄骅
WWFD97YYUP1R,河间
WX4BZD6KEJFY,廊坊
WX4BXR409T9P,安次
WX4BZDTY2B9D,广阳
WX48Q6P06KTR,固安
WWFZEJBXWG20,永清
WX54NRUV1974,香河
WWFUJVP7GFZH,大城
WWFV4K4F5TNT,文安
WX54VGYJZDF4,大厂
WWFY2TZYH86C,霸州
WX55RYPU2SNV,三河
WWDQ8KE95MGB,衡水
WWDQ8J7UXJP4,桃城
WWDJTZ7T05TG,冀州
WWDM3Q29Z6YJ,枣强
WWDRHUVJRWYX,武邑
WWF2R5NHCCU4,武强
WWF33X81BKW8,饶阳
WWF1KXX1GHE0,安平
WWDKQZQG8BES,故城
WWDWMZ14RM7E,景县
WWDX7N1BEPTM,阜城
WWF0M3KFW1SY,深州
WW8P3NH2TPDT,太原
WW8N9SDCPJGB,小店区
WW8P3K9XEM94,迎泽
WW8P96QC7QG2,杏花岭
WQXZZ8CQMBQZ,尖草坪区
WW8P25YZ9Y3R,万柏林
WQXYX3ENTGXR,晋源
WQXVUSFGBSPB,清徐
WWB0EF7VC635,阳曲
WQZ2XD7TYF35,娄烦
WQXZ8RPSN2Q4,古交
WX0S40QDCME0,大同
WX0MN2HGDW9C,新荣
WX0ECZRGWVHT,平城
WX07WD7XW8FZ,云冈
WX0G9P0ZXUG7,云州
WX0VSMNHR17W,阳高
WX1JGYNX8DJ7,天镇
WX160XBJJ124,广灵
WX10R658RUTR,灵丘
WX0CFG5JRBRU,浑源
WX05S9C8UK6Y,左云
WW8Z267HHZ3U,阳泉
WW8Z27W1UTPU,矿区
WW8ZBG80FZ2F,郊区
WW8Z13R8CYSX,平定
WWB8SKR25D88,盂县
WW2MYN52R11E,长治
WW2MYN8DKWC5,潞州
WW2MH7KCBNT6,上党
WW2Q8EUEQDSX,屯留
WW2W8MSM94YG,潞城
WW2RUD06XVT9,襄垣
WW2TVNJ0Q947,平顺
WW2XSH8GCMPS,黎城
WW2MRZMWR0JB,壶关
WW2M2RMQM85B,长子
WW81XBWY79DG,武乡
WW81HD1SK2DC,沁县
WQRZSHS5YTNU,沁源
WW23BS9T8PB1,晋城
WQRFBXQGP6ND,沁水
WQRCY4VTZZ7E,阳城
WW2E9989W73T,陵川
WW21ZW863X9U,泽州
WW279T1Y4EWW,高平
WQZZWRV1BGKH,朔州
WQZZWM9DTY1H,朔城
WRP8ZK5QCQ57,平鲁
WX00Z63H8TCQ,山阴
WX02ZRZ5MNKG,应县
WRPGRQ4HKUNM,右玉
WX06T4Y6DFPK,怀仁
WW8NMEQJCMJE,晋中
WW8NMWF7B000,榆次
WW86FSQHRUC7,榆社
WW8DGU3S2KZ5,左权
WW8U27EPHB3G,和顺
WW8Y529B6H2C,昔阳
WW8RRRZ4VPUC,寿阳
WW8HCHH7M1DD,太谷
WQXUKPK5W8WU,祁县
WQXG82RTNQQ4,平遥
WQX3XKK6VCBS,灵石
WQXDDV1EMH2D,介休
WQNZJRJNM3JV,运城
WQNZMBKZZMSR,盐湖
WQNZBWU784FT,临猗
WQQC9BPBQNTD,万荣
WQR14G7BTVDG,闻喜
WQQFT0VCH2VR,稷山
WQR4DU7VTC6B,新绛
WQR3FFFVCRME,绛县
WQR2V45T7SGN,垣曲
WQPPFYGGTFFV,夏县
WQPN4UEGMYDF,平陆
WQNTQSFWNUVD,芮城
WQNW2TTQSRR8,永济
WQQDX0C30BYX,河津
WWB4T4PKXRH7,忻州
WWB4MRNMS0C8,忻府
WWB6FJPDJZBM,定襄
WWBS34D4S729,五台县
WWBQ60RXJZBK,代县
WWBWCHD0H32E,繁峙
WQZVG7WR7WVJ,宁武
WQZD710CQN3J,静乐
WQZY34M992PB,神池
WQZT31W8VVSF,五寨
WQZK4V4GC6VS,岢岚
WRP00BFMHSJF,河曲
WQYBPZT229EC,保德
WRP234PB6K9Z,偏关
WWBHKD9DS76C,原平
WQRM38NMHR7P,临汾
WQRM4ZVRFJJK,尧都
WQR68W1ZZ32K,曲沃
WQR7Q22N2DVB,翼城
WQRHPEUB5HY0,襄汾
WQRQJP5EE9G0,洪洞
WQRW6FC8J409,古县
WQRVDKCVN86M,安泽
WQRS8U0H7VGZ,浮山
WQQTQEF9WZV8,吉县
WQQU9UPUQJVX,乡宁
WQQZ2PJTNHC2,大宁
WQWBU30BBRG5,隰县
WQW9JMY2CBFC,永和
WQQZPWJCZS56,蒲县
WQX26ZFV9RJT,汾西
WQR4TU6TE13B,侯马
WQX2N3258WJG,霍州
WQXJ2UGJEGPU,吕梁
WQXJ2Y63UDVV,离石
WQXSVJFMX1WP,文水
WQXV85C0S7M4,交城
WQZ4BE5PGXV2,兴县
WQWZVKT4V2TZ,临县
WQWUGTFVT39X,柳林
WQWF3ZXUW5VT,石楼
WQZ3V0ET5T5N,岚县
WQXP7PG4YZG3,方山
WQXH3GWZ1B2E,中阳
WQX466JMGG98,交口
WQX7R6UQMVBW,孝义
WQXKP8G9QZ91,汾阳
WRR2Q2Z7CXWM,呼和浩特
WRR2KVG2VVPD,新城
WRR25UV015EU,回民
WRPRV49XB01Z,玉泉
WRR2J9TZ4PWB,赛罕
WRPP8UF7HWJV,土左旗
WRPJ1FYVCB0D,托县
WRPT8WBYDCE4,和林
WRP7J74YUE7E,清水河
WRR38N7KM5P3,武川
WRNP70PG2MPX,包头
WRNNZFRK4QU1,东河
WRNP5Q3XD0CZ,昆都仑
WRNPHWXVC6JX,青山
WRNRM5VSXDT8,石拐
WRQJVB46BMM3,白云鄂博
WRNNYQBHVKJV,九原
WRNWFCW1QSHU,土右旗
WRQ32JRCNF7E,固阳
WRQQZ7FJ2MU1,达茂旗
WR5CWTXYQRVP,乌海
WR5CY9QS9051,海勃湾
WRH027BW6C3P,海南
WR5BSX8JK31B,乌达
WXS86P4BSG4G,赤峰
WXS8DG25QSRP,红山
WXKZ4KD9EVGY,元宝山
WXS8D1XPE0CR,松山
WXV3SKPEDBCE,阿鲁旗
WXUFHW3F5D5Y,巴林左旗
WXSRS6SF7KJ2,巴林右旗
WXGBN31KKM5F,林西
WXEW1QFK62V0,克什克腾
WXSU6GNH7E1G,翁牛特
WXKQMGUUKTYV,喀喇沁
WXKUEMJ3WD11,宁城
WXT0XSQXM7W2,敖汉
WXYBNKF2CT25,通辽
Y8N2K43REK6R,科尔沁
WXZEN1WGUK0Z,科左中旗
WXXH24U9CSK3,科左后旗
WXY201PUQV5D,开鲁
WXWE4FY0Q9KF,库伦
WXTGC2WEKFBQ,奈曼
WXVVQQNFE1UM,扎鲁特
Y8J548QRRP4M,霍林郭勒
WRN16S9GJRQ1,鄂尔多斯
WRN4X1583F0B,东胜
WRN17F23YKG3,康巴什
WRNJZW4PEF1G,达拉特
WRP18ZD2U8JG,准格尔
WQU3QRRWBSHK,鄂前旗
WQUY8CT6E2E1,鄂托克
WRJ69FZ6XD5S,杭锦旗
WQV7SFYJKCD8,乌审旗
WQYP3CHPF6K3,伊金霍洛
Y8TPTQNF5V3X,呼伦贝尔
Y8V0J2JZ730B,海拉尔
Y8G9TKZ0EY3K,扎赉诺尔
Y8XCC9U1ED2C,阿荣旗
YB8E9PDNHQBS,莫力达瓦
YBBJGD9F14VV,鄂伦春旗
Y8T76RN47M5Q,鄂温克旗
Y8V1S4ZDQ3WD,陈旗
Y8SS1PUGYH77,新左旗
Y8DVQFRGVYH1,新右旗
Y8GD09U2RMGS,满洲里
Y8VB770UUCUF,牙克石
Y8X2CNRZF23B,扎兰屯
Y8VMYB06UYXJ,额尔古纳
Y9N2VK0NVNP7,根河
WRHRG8C39PEC,巴彦淖尔
WRHRGFQ3CQS6,临河
WRKCZDPBCG73,五原
WRHJ7MCE68ZU,磴口
WRJR8KUE0QPV,乌前旗
WRMHMRTFG38V,乌中旗
WRK1U6JBZG69,乌后旗
WRK0W3BPRBQF,杭锦后旗
WX23NNWFJD1D,乌兰察布
WX23MTKCJ427,集宁
WX209TDGZ0EG,卓资
WX3N65SM0W15,化德
WX2SR7YN29RS,商都
WX2BX3UZK26D,兴和
WRPYXD32MGWG,凉城
WX0XBRU29NYZ,察右前旗
WX24FBYXJJX5,察右中旗
WX27Z3XPV0HC,察右后旗
WRRKJY3RW8UZ,四子王旗
WX0QNB13F470,丰镇
Y8NY1ECCRVK4,兴安
Y8NY1KD57NS4,乌兰浩特
Y8MK3HF77T3W,阿尔山
Y8NWN6G3JYMN,科右前旗
Y8N2K15G20SV,科右中旗
Y8R3UDVJCX65,扎赉特
Y8N6NMHTDM4H,突泉
WXF9BT6Y0JY4,锡林郭勒
WRZ8K4JREJGB,二连浩特
WXF9CJPWG18C,锡林浩特
WXCF2PQT74VK,阿巴嘎
WXBC3WWUFBMN,苏左旗
WX855QMHZ385,苏右旗
Y854VWWVNX18,东乌旗
WXGTS599QD7D,西乌旗
WX3YREWVHWP7,太仆寺
WX8BNR8RX4XF,镶黄旗
WX9B8UKRQ5X0,正镶白旗
WXD2REKS5FV5,正蓝旗
WX6ZFQDU79YS,多伦
WQGJJBDMKH1Z,阿拉善
WQGHUSF91KWU,阿左旗
WQBR1B1HE9XH,阿右旗
WPRWREDT4QH5,额济纳
WXRVB9QYXKY8,沈阳
WXRV8R5T04M6,和平
WXRVC0PX7PW6,沈河
WXRVC3ZWVKNY,大东
WXRVBVE1P9RF,皇姑
WXRTZ3E3MWSD,铁西
WXRTN8KHBPBG,苏家屯
WXRV318CHCYF,浑南
WXRZ4WVR9X2Z,沈北新区
WXRTTZCUTWXC,于洪
WXRK0W3ZX2BR,辽中
WXXENYKSZ3D7,康平
WXXCB0CHKQJP,法库
WXRQFVFG9RMW,新民
WWYMRT0VRMUG,大连
WWYMRUZ825SR,中山
WWYMRHPCCQV0,西岗
WWYMQF687P5G,沙河口
WWYMT706MWWC,甘井子
WWYHZDFNGU9B,旅顺
WWYW3MGNP831,金州
WXN8PH938UQD,普兰店
WWZPMKUH348F,长海
WXNC2HTENP33,瓦房店
WXP3Y7PM38QK,庄河
WXR3Y6P2CEQ3,鞍山
WXR3WXG75MXF,铁东
WXR3YJ7CFEBU,铁西
WXR6P6YFMX3P,立山
WXR3TSJ16Y0M,千山
WXR53SZXBZ04,台安
WXPTJKCB00NX,岫岩
WXR281GRM0R6,海城
WZ2N5S6KN57F,新抚
WZ2NN6TY9GD5,东洲
WZ2N0DUD49TM,望花
WZ2NK21ZFVU4,顺城
WZ2NM0P2XMU7,抚顺
WZ2VMHSNF5V4,新宾
WZ2ZD85FQBZ4,清原
WZ24BQQTFN10,本溪
WZ24BQ12PBKE,平山
WZ25072ECFZP,溪湖
WZ24CRSSZ4XW,明山
WXRCZ9ZBN5KC,南芬
WZ263DV24Y4T,本溪县
WZ34U2VP4TW7,桓仁
WZ0KQ36Y0N4N,丹东
WZ0KQD3FZ5SH,元宝
WZ0KJU8HT4GY,振兴
WZ0KRQ39DEES,振安
WZ0XXQWJ2WR9,宽甸
WZ06C4578DTW,东港
WZ0NP79N2D92,凤城
WXQ1U6H0VE63,锦州
WXQ1UHYC3BYW,古塔
WXQ1USRK37ND,凌河
WXQ1GEM4133K,太和
WXQV4ZM045RV,黑山
WXQHQ8KCZ9PG,义县
WXQ61QU2EUQ2,凌海
WXQSETH19DN9,北镇
WXNZM7TPVMMZ,营口
WXNZMGYQRGJ3,站前
WXNZKFB1WQ8W,西市
WXNUFE2R2G8Q,鲅鱼圈
WXPP2TQ3Y2NH,老边
WXPJB4SE19U7,盖州
WXPP781G2VHR,大石桥
WXQWBPZKWZJP,海州
WXQX7M6TS6QZ,新邱
WXQWBXRTH6U9,太平
WXQMDVBQ32Q8,清河门
WXQX0F15G7PB,细河
WXQX09T2HRXX,阜新
WXX1H5P97UW5,彰武
WXRDFBCXJJ8E,辽阳
WXRDFB8SDS8U,白塔
WXRDEP0XSWZ9,文圣
WXRD7R0FH78C,宏伟
WXRCCPMX97XY,弓长岭
WXRDDVW12EKS,太子河
WXRD2XBGFUGJ,辽阳县
WXREWKQ0VR9K,灯塔
WXQCCV8TM5T4,盘锦
WXQF36JKNZY5,双台子
WXQF1SKD6DJB,兴隆台
WXQC1U0TV1TJ,大洼
WXQF8TK68J6D,盘山
WZ809CWFNRS9,银州
WZ860BQ0C5BJ,清河
WZ809BF6B5HR,铁岭
WZ8EN4F269K6,西丰
WZ85RGYGED4B,昌图
WXXCE7QMETV4,调兵山
WZ84N3GZSQZH,开原
WXMSKY7S59FX,双塔
WXMSEBQHS8M0,龙城
WXMSKZT4B3TT,朝阳
WXM5D0XUMP37,建平县
WXM4JQFC0DDQ,喀左
WXMVU1QN8UYB,北票
WXKFTJ26TTKF,凌源
WXJZTSCEPN4J,葫芦岛
WXJZYQD81CPK,连山
WXJZWZKMQZ1B,龙港
WXMCGDGR793Z,南票
WXJT6HJ9H0Z0,绥中
WXM0NP59WRD8,建昌
WXJZ549SEUU4,兴城
WZC1EXZ0P9HU,长春
WZC1S28RV6C8,南关
WZC1GXR20WUC,宽城
WZC16G5QZFCH,朝阳
WZC1SC1BURVN,二道
WZC1D5U5DSMG,绿园
WZ9REDW47HPB,双阳
WZC7PM687S82,九台
WZCHB81R92M3,农安
WZCYZXNZKTX6,榆树
WZCMK67YN39K,德惠
WZCCRENBK8PQ,吉林
WZF18HHC353Z,昌邑
WZCCZC7DHYG6,龙潭
WZCCR7HPJ434,船营
WZCCRC5DQCN8,丰满
WZCBQTFKPWH8,永吉
WZF89QYZKN9Q,蛟河
WZDH7Y3YRH94,桦甸
WZFK8Y6JM2HV,舒兰
WZ9SK6FCCUK3,磐石
WZ8MTDUGMP22,四平
WZ8MMQJ39H3U,铁西
WZ8MWBGVB73M,铁东
WZ8QMNNM6CR3,梨树
WZ9NE78SJ9EY,伊通
WZ8Z2QGJUG9Z,公主岭
WXXZD69FQS42,双辽
WZ8GZQHFH76E,辽源
WZ8UP3SBV311,龙山
WZ8UPWNQ8XWM,西安
WZ96B98JJ08H,东丰
WZ8UHMQ5P5GS,东辽
WZ3T3SEQVEVF,通化
WZ3T6H1964E1,东昌
WZ3TSH3130W1,二道江
WZ3MJE87E7HH,通化县
WZ9DGCSJPBEH,辉南
WZ92T0CFC75P,柳河
WZ93GYM7HQ8K,梅河口
WZ39ZM9MR5E6,集安
WZ3YSC05ZW82,白山
WZ3YSE3P5FF2,浑江
WZ6PJDT5559T,江源
WZD8B3FQNGYV,抚松
WZD1JQSVYHUG,靖宇
WZ75TK22UX8K,长白
WZ6JZ9MY8KF0,临江
YB0B8REJKCCB,松原
YB0BBNUMJJ5Z,宁江
WZBX23CR6X91,前郭
WZB5VHZMXQK2,长岭
YB00N5SSE2Q8,乾安
WZCXGSKGQZDX,扶余
Y8P7E0F5F2QK,白城
Y8P7E2V4U0EB,洮北
Y8PSG6XX856R,镇赉
WXZWBZ0P7VEF,通榆
Y8P3CUJDMK7W,洮南
YB06U51BTYU8,大安
WZS5FZSMRDT6,延边
WZS5FY540EQG,延吉
WZSK6Q7Q6K8D,图们
WZENTZQ0X9FP,敦化
WZSEYSHXC5JZ,珲春
WZS5340C29F7,龙井
WZE9ZQQGJYES,和龙
WZSQ2W1J61K3,汪清
WZETM1Y05WW7,安图
YB1UX38K6DY1,哈尔滨
YB4H315RDCJ7,道里
YB4H63BZXBM3,南岗
YB4H3ZFGN2W9,道外
YB453MUK1XKZ,平房
YB1UW9V2RYRM,松北
YB4H40KX05JS,香坊
YB4J07UDZU0V,呼兰
YB46BYDJJRHB,阿城
YB1F47R7MKFZ,双城
YBHPEBR3TCC6,依兰
YB5SEX55HE4W,方正
YB4SKBS1561S,宾县
YB4W5H9G7NT6,巴彦
YB5J3KUW5HZ6,木兰
YB5T9B8FSMN5,通河
YB5681ZJ3WPD,延寿
YB4CR843E4FZ,尚志
WZFRT37VCWZV,五常
YB2JK81THR6Z,齐齐哈尔
YB2JHT6R1S07,龙沙
YB2JKS0YCQ6G,建华
YB2JM19MGX06,铁锋
YB2H1RZYG2NG,昂昂溪
Y8RUT1EPZEJ9,富拉尔基
Y8RQK1Z9YNGK,碾子山
Y8RVPUJ1HQZZ,梅里斯
Y8RT700VNP3P,龙江
YB907K29JWGV,依安
Y8PZBQZEW6YJ,泰来
WQ1PJ9PBXYZY,甘南
YB8803K79NNG,富裕
YB990PXEP8FW,克山
YB9C0ZS7N0ZN,克东
YB3WV12DHGJU,拜泉
YB8GC3X83ZH8,讷河
YBJ1SQ97WHN1,鸡西
YBJ1SQGYT1DK,鸡冠
YBJ14TUZ328F,恒山
YBJ1CR053BCD,滴道
YBHBTBM79KJ9,梨树
YBJ1VHCVWHQH,城子河
YBHC0YJYHJ40,麻山
YBJ1RVTBQ7QU,鸡东
YBNS6H1JDD6U,虎林
YBJG0U0GCXQV,密山
YBKTK25TPP2R,鹤岗
YBKTK9ZXWXMJ,向阳
YBKTHM9MY5ZV,工农
YBKTHT42W0KK,南山
YBKSG3XTUZZY,兴安
YBKTM320X96D,东山
YBKTKUY2JGPC,兴山
YBMN9JEMXFYE,萝北
YBMUBR41ZWVC,绥滨
YBM322SX2QPB,双鸭山
YBM327K9XWEB,尖山
YBM309937NQC,岭东
YBM3H3UFWQUM,四方台
YBM2VYTWQGYK,宝山
YBM1ZCJGWRNZ,集贤
YBMDPHJC6851,友谊
YBNP8231E3BD,宝清
YBR61XWMU274,饶河
YB2BVPSH4JM5,大庆
YB2CNFHX4NTR,萨尔图
YB2BZK58SVC8,龙凤
YB2C3K7R3S8U,让胡路
YB0ZCY60RJRM,红岗
YB0VBHBYKM2C,大同
YB15FX6VF96N,肇州
YB0FYQ8MPPPB,肇源
YB2U3KZE3VKW,林甸
YB26XUMTX1MB,杜尔伯特
YB7XT0YP7SYK,伊春
YB7UJSZC9867,南岔
YBE85XJG6JSD,友好
YB7YN7JHFQPS,西林
YB7RRZCRPCKP,翠峦
YBS4EQTGB7WF,新青
YB7YFPPRTC7W,美溪
YBKJ9NCD4RU8,金山屯
YBECTPUZR61H,五营
YB7XD8PSR3Q1,乌马河
YBS5SK90GZCD,汤旺河
YB7EXBBDYQEK,带岭
YBSH3P2G88DK,乌伊岭
YBS42JM8VY66,红星
YBE8ZV54FR97,上甘岭
YBSWNF7FDHQM,嘉荫
YB7530MQ64YB,铁力
YBKDQEKD30TF,佳木斯
YBKDQ2EMSQK6,向阳
YBKDQ9F6QKK4,前进
YBKDR5R7872K,东风
YBKDM3PEMWE3,郊区
YBHYGPYJM88E,桦南
YBKGQXERKG29,桦川
YBK3GFYMCRK7,汤原
YBQPPD6J7GCC,同江
YBMUU3T71YRK,富锦
YBX7PT7XWV91,抚远
YBJH7VFZU4T1,七台河
YBJHEK0MQBYU,新兴
YBJHM6BQSK9F,桃山
YBJHQQE0652T,茄子河
YBHU70W1JD0S,勃利
WZUJT5EC6FK4,牡丹江
WZUJTE6JFGW6,东安
WZUJTY0EEW1Y,阳明
WZUJSY0ES6N0,爱民
WZUJT6F2NJN7,西安
YBH9SQEEXH03,林口
WZVK8QKT22PV,绥芬河
WZUJ81EXHD0Q,海林
WZUH61TJMXJN,宁安
WZUZD13VBQVV,穆棱
WZV4XWWWM7QM,东宁
YBFTUGSP7QCT,黑河
YBFTV5V9G6CF,爱辉
YB9P8ZPU52Q6,嫩江
YBG653UBRVZH,逊克
YBF91HXS758Z,孙吴
YB9FRH101ETS,北安
YB9SPBB13PS3,五大连池
YB63388P2QN8,绥化
YB6333XQVSWR,北林
YB3FQJ5UT8EX,望奎
YB1Z1X4Q330T,兰西
YB39T3Z4WYXN,青冈
YB6DTY1PZ37S,庆安
YB3S2UVE6TKN,明水
YB6KU1X7HWMH,绥棱
YB1PGYYE8DVM,安达
YB1W4DZC4Y2W,肇东
YB6Q138SZ3Q5,海伦
YBBQB6TMV95Z,大兴安岭
Y9RJK4ZSEGWJ,漠河
YBBNZ69JB91R,加格达奇
YC4N3CPTNFUT,呼玛
YC29TSEF0DGK,塔河
WTW3SJ5ZBJUY,上海
WTW3SMGJ8NHW,黄浦
WTW37HNSSJ68,徐汇区
WTW3DGZ6DG22,长宁
WTW3GB8WWK6S,静安
WTW3F34NJJ19,普陀
WTW3UGFJ7BJR,虹口
WTW3V712JSV7,杨浦
WTW3414PNURY,闵行
WTW6SK5N30JR,宝山
WTW4X8D1EZCZ,嘉定
WTW3T7RMWMB4,浦东新区
WTQQBVVG9ZMN,金山
WTW0W2VDYEPR,松江
WTW1HNSVUSCG,青浦
WTQRUHGF01UB,奉贤
WTW7FS0ZC50Z,崇明
WTSQQYHVQ973,南京
WTSQR4WJNP42,玄武
WTSQR0GVT2DZ,秦淮
WTSQJDMYP91J,建邺
WTSQQTCEZ5DT,鼓楼
WTSQ7682Y34B,浦口
WTSQXKQHG41K,栖霞
WTSQNB0QZZ03,雨花台
WTSTB2RFJXXJ,江宁
WTU8011K7TN4,六合
WTSSH3EWX58K,溧水
WTSD1PMY2Z2C,高淳
WTTE97PU94T9,无锡
WTTEF8S5Q6BN,锡山
WTTS1REQ6G7M,惠山
WTTE2GZFGHHT,滨湖
WTTE96Y2VC2D,梁溪
WTTE4V50PN9N,新吴
WTTT2Z1YYP5B,江阴
WTT4QE46BRED,宜兴
WW56FQXV5ZHB,徐州
WW5746R8PEEU,鼓楼
WW56GGZFDN77,云龙
WW5EBUURF35H,贾汪
WW56FDJWX2QH,泉山
WW566Q28FVU3,铜山
WW4VMKCW0UVD,丰县
WW5JSF3UFMPR,沛县
WW5BU529F4N8,睢宁
WWH5T4EY4BS0,新沂
WW5GHPB86PWW,邳州
WTTKC92GVT6S,常州
WTTKCCXTT1RS,天宁
WTTKBMF9SWCP,钟楼
WTTM1FVWGGDE,新北
WTTK3N6Q7S9D,武进
WTTH8GUJNUYP,金坛
WTSFWZFDVB90,溧阳
WTTDPCGXTWUS,苏州
WTTDP3RN2FHT,虎丘
WTTCCH80FWRR,吴中
WTTF3NYNX9V0,相城
WTTF295B36E7,姑苏
WTTC34246TPK,吴江
WTTU59XQWGTU,常熟
WTTTR1VB4WE5,张家港
WTW48BWCWRFR,昆山
WTW4GTQ3D8BV,太仓
WTTVYTY1H0HF,南通
WTTYN5DEE05E,崇川
WTTYJPWNWDG6,港闸
WTWN7PBRX3RJ,通州
WTWPVE8TDSTJ,如东
WTWT00WUFMYT,启东
WTV8RDHRSTU0,如皋
WTWJMR1QCXH8,海门
WTV9HVT12RV9,海安
WWHUBFTRE77P,连云港
WWHVG800SD6K,连云
WWHUBHNHSXN8,海州
WWHWNSSE3NTF,赣榆
WWHKQTVXVDDC,东海
WWHG1S55YRKV,灌云
WWHCGUH42S6N,灌南
WTUXK27DXN0R,淮安
WTUYDYQNZ73S,淮安区
WTUXKD5HBN2U,淮阴区
WTUWUKKSCM9V,清江浦
WTUT2N16E9YJ,洪泽
WWHB4J3YB2MU,涟水
WTU78P6WBJG5,盱眙
WTUEU75ERN0K,金湖
WTVMWP4TCFT7,盐城
WTVMZNCD8D11,亭湖
WTVMW5D93FM6,盐都
WTVSV7GS42WD,大丰
WWJ48CUJQYN4,响水
WWJ1QCCEC7H5,滨海
WWJ0NJ7WY26S,阜宁
WWJ80M7QU06U,射阳
WTVNQJ58YK4W,建湖
WTVDCKPV15VD,东台
WTUBM40RTTUB,扬州
WTUBM9EEUXN3,广陵
WTUBJN87JTKZ,邗江
WTV02RTWKYJJ,江都
WTUV49RDG2ZX,宝应
WTSZ8484RK10,仪征
WTUFMXQM2DYS,高邮
WTSZNJUFDEP9,镇江
WTSZNMZSH2F7,京口
WTSZJJM4K9X5,润州
WTSYY1HFFDPE,丹徒
WTTN0CKJWBQ5,丹阳
WTTPQE63277W,扬中
WTSTZB2FNR8M,句容
WTV28G74FW3J,泰州
WTV2BEPNYDNT,海陵
WTTPZGGEZ968,高港
WTV3N04D9ZMK,姜堰
WTV5R2BHGKV1,兴化
WTTW0V1FN0EU,靖江
WTTR507GUDWK,泰兴
WWH1780CEFBR,宿迁
WWH14X18FKV8,宿城
WWH1HKMVPFDW,宿豫
WWH6NTJTTT4U,沭阳
WTURUDS1HRTG,泗阳
WTUN6JJ0VSJN,泗洪
WTMKQ069CCJ7,杭州
WTMKN3V5ZZP4,上城
WTMKQ9J9W5W9,下城
WTMKPHX3CWBD,江干
WTMKMZBFE71F,拱墅
WTMKJSBWTWPD,西湖
WTM7Z7SRBC17,滨江
WTME8U3BYPEU,萧山
WTMT13ZC35J8,余杭
WTM6CW2VVW48,富阳
WTM5UR1QW0QN,临安
WTM1E0VJ94EK,桐庐
WTK8KSE02PBV,淳安
WTHZDQ9J3QQ3,建德
WTQ3VZQP879N,宁波
WTQ3VU7BB6FN,海曙
WTQ6JCNY16W8,江北
WTQDKB86YU3K,北仑
WTQD3U1Z3SDM,镇海
WTQ3TQRKQ701,鄞州
WTQ2DT8GC08G,奉化
WTNXTNXJ2Y63,象山
WTNQE4Q8K5DE,宁海
WTQ4UFF9RTER,余姚
WTQ5WSKBZXXU,慈溪
WSVZ695PCF71,温州
WSVZ3KXMRYFJ,鹿城
WSVYVJ955QS4,龙湾
WSVZ0EF4XCF7,瓯海
WSYNKF69X852,洞头
WTJB4HS3XU64,永嘉
WSVTRTHMKTU5,平阳
WSVS7Y0X57DC,苍南
WSVQH3PW4Z3D,文成
WSVHU6CQYHW0,泰顺
WSVY110N4XR6,瑞安
WTN002CJ5K0D,乐清
WTMYGTZ7WZMY,嘉兴
WTMYUMUKSM74,南湖
WTMZ49N98592,秀洲
WTMZX85620Z4,嘉善
WTQJ8MC45K2X,海盐
WTMVDJU6PU6P,海宁
WTQN9UU06QU3,平湖
WTMWR8H2STU5,桐乡
WTMRU3PTDC3X,湖州
WTMRWCC28EGN,吴兴
WTMXS06SWBWE,南浔
WTMM9VZ6PS7X,德清
WTT22RH887PG,长兴
WTMN72H2DJU5,安吉
WTMDXTK6STK4,绍兴
WTMDXGDTS1BB,越城
WTMEJ7UZ1MF4,柯桥
WTMFY6YC7JSR,上虞
WTJZZ4K9YNTF,新昌
WTM3PFKGD19C,诸暨
WTMBM2F7YP9T,嵊州
WTJJ6TY7R0FK,金华
WTJJ2Z9CP0HZ,婺城
WTJJE9F5QTST,金东
WTJHQT468Q7X,武义
WTJPXCJYWMYU,浦江
WTJTK2QKW2KX,磐安
WTHYNPKFFDZ9,兰溪
WTJQSMBKCGCH,义乌
WTJQXFKB659G,东阳
WTJK7M54TWQZ,永康
WTHS8FW3RYBK,衢州
WTHSBF5GZDBN,柯城
WTHSF7DHTZE9,衢江
WTHK2VPDSNMR,常山
WTHJWWYY9CXF,开化
WTHTPUBBN20R,龙游
WTH7E3B2YK6Y,江山
WTQFSTR6DMK4,舟山
WTQFF2YX0JWG,定海
WTQFRH0PKS9T,普陀
WTQUHDZ742SN,岱山
WTRNF6JR5Z1W,嵊泗
WTN74CS48NB0,台州
WTN75JN9H56X,椒江
WTN4ZXD47G1F,黄岩
WTN6D4F4WFPU,路桥
WTNMDJ4HQCRY,三门
WTNJDNGQE3SF,天台
WTJU5R8GUYHF,仙居
WTN33UDGJZR3,温岭
WTNHH5UZKTCC,临海
WTN0N8UVPSPF,玉环
WTJ3BG5J683H,丽水
WTJ3BE42ZV8K,莲都
WTJ81H91XHK6,青田
WTJ6UR863G14,缙云
WTHFDN3Z06MV,遂昌
WTHCYG4TMB3H,松阳
WSVPBZH4YGYJ,云和
WSUTJH1D4J1V,庆元
WSVP4JXGM413,景宁
WSUXWZGCF5QK,龙泉
WTEMH46Z5N09,合肥
WTEMJRCVVPNG,瑶海
WTEMK79QR10U,庐阳
WTEMHNWW0T6B,蜀山
WTEKVK45X268,包河
WTG2F2B9DYU6,长丰
WTET35E43QSX,肥东
WTEK6Q2W6US6,肥西
WTE3UBBSQN4R,庐江
WTEGF0W764FN,巢湖
WTS4JZ3WMZMC,芜湖
WTS4MC9MZDPC,镜湖
WTS4JS2RHCZP,弋江
WTS4MYYQ3PU2,鸠江
WTS1E5SRHQ7U,三山
WTS34NSJCKB5,芜湖县
WTS0C9YW5EUJ,繁昌
WTKPUSV60CG0,南陵
WTEF53FXXNUU,无为
WTG7R0CSBHZ9,蚌埠
WTG7RJRKC1JS,龙子湖
WTG7QTS5ZCZY,蚌山
WTG7Q4CZWYZ0,禹会
WTG7W3QPX264,淮上
WTG7D6PB5VKY,怀远
WTGUD6V8EPFU,五河
WTGMT9TZ44HQ,固镇
WTG1WKHG98G5,淮南
WTG1XKXRXCUK,大通
WTG1WXT7P1DE,田家庵
WTG17P43HDN1,谢家集
WTG1DKZB05SG,八公山
WTG46R3TR6CK,潘集
WTG400BGM1U4,凤台
WTG137H870PQ,寿县
WTSK2DC1FHK3,马鞍山
WTSK2NZB4F92,花山
WTSK0RUJXNMJ,雨山
WTSE832M8GRH,博望
WTS72PD80470,当涂
WTEURQMY3KWD,含山
WTSHMW6QKUT4,和县
WW511U7JJ68Q,淮北
WW516K5Z0HHM,杜集
WW511W7NGXEQ,相山
WW50F48Y0143,烈山
WW50CNVQ64QC,濉溪
WT7ZCN9UKCZS,铜陵
WTEB1B0QM30H,铜官
WTEB071JWRYP,义安
WT7ZBEHWGP9G,郊区
WT7QDUY2MYY1,枞阳
WT7JXTC4NSMZ,安庆
WT7M86G5V7M9,迎江
WT7JYF8EW2Y7,大观
WT7JZB7C371F,宜秀
WT7NF83HBR41,怀宁
WT6YK858TVGG,潜山
WT6TJG95X75S,太湖
WT6ED2SH2P7E,宿松
WT6GRHGZCP1F,望江
WT6XX856R8B4,岳西
WTE0TK2RKE82,桐城
WTK1H2DTJ1U4,黄山
WTK1HDM78CE1,屯溪
WTKH25GWK92K,黄山区
WTK1SWQ6KSMG,徽州
WTK1YVWJ7586,歙县
WTK13M211D6G,休宁
WT7F78D4BHMK,黟县
WT79YV9J6GD4,祁门
WTSPU2JCPU6T,滁州
WTSPEZRV0DD3,琅琊
WTSPGVC6CSNS,南谯
WTU0WGQ4GN2M,来安
WTSNE79S49XY,全椒
WTG9J9USVXX2,定远
WTGDGRGCES45,凤阳
WTUD5BV5KCZ6,天长
WTGFKXQMM6BH,明光
WTF75T383SE2,阜阳
WTF754S5EV8V,颍州
WTF7HRBMJFDV,颍东
WTF774JHUPCK,颍泉
WTCUNS4QXWU9,临泉
WTFHWYRVM20T,太和
WTF1WH4G90Y7,阜南
WTF9TU15X2GE,颍上
WTFJ0EHJ0C17,界首
WTGPMFNHZW6H,宿州
WTGPMU22MZ76,桥
WW4EZ9GRP901,砀山
WW54KY3BFMZ3,萧县
WTGWFGT6CT2C,灵璧
WTGY6QVE5H6G,泗县
WTDUEP89WV0P,六安
WTDUEU1VNR0U,金安
WTDUD6N3923E,裕安
WTDMMBFJSUSW,叶集
WTDXVV3PZKGD,霍邱
WTE5HBCY43PQ,舒城
WTDKMY6Q7U8F,金寨
WTDDXHHYM2NZ,霍山
WW42DDHQT937,亳州
WW42DRPXTXVB,谯城
WTFWSWHU4KCH,涡阳
WTFVK8EEVCEB,蒙城
WTFSS4Y28PZU,利辛
WT7W3R63DQMH,池州
WT7WE4YHS47Y,贵池
WT75NZE35WSM,东至
WT7ECM6K62M1,石台
WT7Y3EXV0N15,青阳
WTS2N4R0GD1V,宣城
WTS2N4PBR954,宣州
WTS9PG0CQK87,郎溪
WTKZV3NVX9MZ,广德
WTKNWKB0RYYC,泾县
WTK74F1FKQ38,绩溪
WTKK30QCV1JG,旌德
WTKW72N8DVY5,宁国
WSSU6EXX52RE,福州
WSSU6SWYKMJ0,鼓楼
WSSU4ZQ6D7WR,台江
WSSU4N0Z7VJ9,仓山
WSSGY5V35CQZ,马尾
WSSU7K8V49R4,晋安
WSSGXXXY1YGK,长乐
WSSSYB7YF1Q6,闽侯
WSSVPCX44CGZ,连江
WSTN8KT9HVV0,罗源
WSST0MPYTDR0,闽清
WSSE4M6PTVE9,永泰
WST1JTV0U2C3,平潭
WSSFKD1VGEEB,福清
WS7GQBRNR6V8,厦门
WS7GNFTT1KYV,思明
WS7GMCC298MV,海沧
WSK52QUM8ZN2,湖里
WS7GZ62HZ7FN,集美
WSKH8TFNWW1K,同安
WSKH4DNJVNBP,翔安
WSS8S6CQZBPG,莆田
WSS8EVMHKZX6,城厢
WSS8Y1JBZPUE,涵江
WSS8SM7SRP86,荔城
WSKZ5N0G42QG,秀屿
WSS2KDKNUQVB,仙游
WSETKW23BDUT,三明
WSETKZPX8XNH,梅列
WSETK0KH29J0,三元
WSEQ4BW2MUQ1,明溪
WSEHFMCTX39R,清流
WSDVQQMCY4BM,宁化
WSEF1WXC251P,大田
WSSHCK0539DF,尤溪
WSEY0JUZ0UTQ,沙县
WSG8145193HS,将乐
WSG342BXFGKQ,泰宁
WSG0DS3006D0,建宁
WSE7YCD0RPP0,永安
WSKMS3KBE2JM,泉州
WSKMDQV4EHBK,鲤城
WSKME5B5PD5M,丰泽
WSKMUKDMV3H2,洛江
WSKWCVKYYD0V,泉港
WSKQRKED2DHM,惠安
WSKN97B53DDZ,安溪
WSS05CR7TY17,永春
WSS146HKQ8T9,德化
WSK5H226V4KW,金门
WSKKEVYQ9QHK,石狮
WSKM4Q76FR2E,晋江
WSKNJC9SVCMG,南安
WS7EMPWP7EQ3,漳州
WS7EMNTE8EBT,芗城
WS7EQMNJDJ9T,龙文
WS72JZVNG5T4,云霄
WS79K88R2WH8,漳浦
WS5QFQPG5BKZ,诏安
WS7SP3YVVUES,长泰
WS5WB4MYT24Q,东山
WS77QZDPR5R1,南靖
WS76THRM8172,平和
WS7W66Y8P6PC,华安
WS7G14CZSFRE,龙海
WSSP952Z8846,南平
WSSP91VC9V9P,延平
WSGGRZK2G3R8,建阳
WSGB2WG36FN7,顺昌
WSUQC4WVV1JZ,浦城
WSGKTZM47HJP,光泽
WSUKWGSVYEGQ,松溪
WSUE8QXCV9Z1,政和
WSGE9QD3F3V1,邵武
WSGVVZ6GFR4Y,武夷山
WSU1U2TVPV4W,建瓯
WS7NZ16DHEHU,龙岩
WS7NZ1KRFSM0,新罗
WS7H8K0HQJUX,永定
WSDDZW5QXSBP,长汀
WS6Y90NQYD7Y,上杭
WS6WCCM6N54S,武平
WSE42DNVB5T8,连城
WS7RZVWXHMCF,漳平
WSSZXXPU1B76,宁德
WSSZXY1127B3,蕉城
WSV2FTM76EJM,霞浦
WSSRNNXPEX1U,古田
WSU95KWS6GWP,屏南
WSUUR2C0RG4K,寿宁
WSUF73J3QW3J,周宁
WSV6BMHD0RZV,柘荣
WSV449Y2RJFK,福安
WSV7RXM8C130,福鼎
WT47HJP3HEMP,南昌
WT47JNXDRDZB,东湖
WT47H9XDJYVW,西湖
WT46VFGN0UR8,青云谱
WT4737UYM11F,湾里
WT47NWJMXSFE,青山湖
WT47789T9EG2,新建
WT46QJ3EUC9R,南昌县
WT4HJ7UZQJUC,安义
WT49MU95PR79,进贤
WT5QD22W4GKR,景德镇
WT5QD3W9X9C9,昌江
WT5QDYKEYQ0Z,珠山
WT5RH4DUEHBD,浮梁
WT5KC1U4MZ3T,乐平
WSBVNTZH3M2C,萍乡
WSBVR1T8GMD4,安源
WSBV7CX8VJD6,湘东
WSC42FZGEQW3,莲花
WSBYTE6SU0WQ,上栗
WSCJ4VFH7T69,芦溪
WT62ZWSX5CM0,九江
WT62Z37EEZFR,濂溪
WT63PK1YEZYT,浔阳
WT62MW8HMU0E,柴桑
WT1YE0MQ07KX,武宁
WT1MPHG242PZ,修水
WT4M5HFBP84R,永修
WT4QF7M5SS28,德安
WT4WE8RWN5QZ,都昌
WT69HSHVF39J,湖口
WT6FH5JH5GFZ,彭泽
WT62B5H6D352,瑞昌
WT4Q7JJ8PW6M,共青城
WT62Z5N49CH0,庐山
WSCWR06PNPFU,新余
WSCWPT88FMNQ,渝水
WSCW32KPHXVK,分宜
WT50ZFRU8TYY,鹰潭
WT50XJK5D5EG,月湖
WT506M9SZM12,余江
WT52GKHYZYP5,贵溪
WS9DZQ1QXHGR,赣州
WS9DYUXD78Q3,章贡
WS99GJQQHF99,南康
WS9G0VKRWJX1,赣县
WS98RK33PNGM,信丰
WS926PGJSP5V,大余
WS96Y0WPYKTD,上犹
WS960YW9R51R,崇义
WS6NCWC0UGE9,安远
WS3TGBS1XBEN,龙南
WS3UCX43CQB9,定南
WS3KVCWGJQMH,全南
WSDW8HE1JVY0,宁都
WSD5DKN38YTG,于都
WSDJBC5R3GDP,兴国
WSD3DSK6V9CK,会昌
WS6JZWJB2345,寻乌
WSDTZ1HZM7WZ,石城
WSDE0R63YVWV,瑞金
WSCF23JCKNQJ,吉安
WSCF2TUZXCE3,吉州
WSCF14EX1KWY,青原
WSC9YS79SJ3X,吉安县
WSCFGG5PGRY0,吉水
WSFJ0KHDPV0V,峡江
WSFJCZREYZHW,新干
WSF56TMW9CN7,永丰
WSC8QNV1640E,泰和
WS9MVCNZM7TP,遂川
WS9WEFSNZVEH,万安
WSCEB0RSP9FT,安福
WSC1R65EPUJ7,永新
WSC2020Z7CP8,井冈山
WSCQ4UBFXPTE,宜春
WSCQ5TJWH7TG,袁州
WT45389JSGG8,奉新
WSCRGZJ6U7BM,万载
WT18X545WJ6V,上高
WT197YKJRZ7N,宜丰
WT4H0ZE7CY44,靖安
WT16699XQ1MP,铜鼓
WT426TSKVT12,丰城
WSFPSVYRS57B,樟树
WT419M9Y7ZGP,高安
WSFXR95RZD21,抚州
WSFWYTUM7M71,临川
WT4BTG05DVQT,东乡
WSFUTZR67UPP,南城
WSG5K9FD12YG,黎川
WSFFGENXCZCB,南丰
WSFTBZ35BZPY,崇仁
WSFK5C2Z6DEG,乐安
WSFSSXKF6K1P,宜黄
WSGNC4TMF1NZ,金溪
WSGJXFXU0WQB,资溪
WSF8WUM8H6W2,广昌
WT5CU7PJK0RS,上饶
WT5CU22FHTT0,信州
WTH19R80C84G,广丰
WT5CERD8Z0HG,上饶县
WTH54V510EQZ,玉山
WT59N76XBY9H,铅山
WT59SJ9WQXGX,横峰
WT5984JCVRDQ,弋阳
WT4GR0EV95CB,余干
WT4UYZK90PC6,鄱阳
WT55RBXV8EYB,万年
WT5Y3SZC851N,婺源
WT5SEQ5VGX4H,德兴
WWE0TGW4PX6N,济南
WWE284B4BBUM,历下
WWE0W0NUVUJF,市中
WWE0S00VDXD2,槐荫
WWE0TUZRX4XE,天桥
WWE0XTRF5FPF,历城
WW7PBM8PNJUD,长清
WWE8FKWTX2PU,章丘
WWE67KHBPGXH,济阳
WW7WJ9SSV9R7,莱芜
WW7V0SRQUYT1,钢城
WW6Y3US63DJM,平阴
WWEK3CFHBB5R,商河
WWMT5Q64CR3G,青岛
WWMT5ZMFHXY8,市南
WWMT716RYYZN,市北
WWMKWU0KKVZP,黄岛
WWMTM7G9DRY8,崂山
WWMTSKH8YQNC,李沧
WWMWE96JVNUD,城阳
WWMWUYV0B7T9,即墨
WWMQ76G0JDNC,胶州
WWT31X8GJ8FW,平度
WWT9WPCRMD0K,莱西
WWECQQCKH37Z,淄博
WWEBH2ZZKMW6,淄川
WWECMKMEVJWC,张店
WW7Z9SXGBJ1H,博山
WWS17YZKJC3R,临淄
WWEC65NRD14N,周村
WWEFQFPJZ7T8,桓台
WWEG3N9FUYPW,高青
WWKJC42GB8F6,沂源
WW5QJDVC4NKQ,枣庄
WW5W6FVXU1BH,市中
WW5MUP4UEN0T,薛城
WW5TG9EJUTF9,峄城
WW5SXJ22GG4D,台儿庄
WW5X8VB2PY7F,山亭
WW5R9F45BCGR,滕州
WWSKUMUVE3TR,东营
WWSR3PYFVPVC,河口
WWSMC9JRR5WZ,垦利
WWSJ4Z50BDQU,利津
WWS4YK2HRUYG,广饶
WWWM51WDH1FX,烟台
WWWMD3UUQFEK,芝罘
WWWJR4ET3F8V,福山
WWWKXHF6M35C,牟平
WWWM7KTCG82S,莱山
WWTZER0UHBKF,长岛
WWTWNMZZPS9Q,龙口
WWTF6S501GEH,莱阳
WWT7906M5W3D,莱州
WWTZ5SZMQYVZ,蓬莱
WWTSEG0852FV,招远
WWTUJW38PPFN,栖霞
WWW1HZDEP8GQ,海阳
WWS8Z342UPZ7,潍坊
WWS8UQ5420B5,潍城
WWSC0Y8YQWYN,寒亭
WWS8X8DJ79MY,坊子
WWS8YF36CENQ,奎文
WWKRC0QBMJMV,临朐
WWS2ZC40FXVE,昌乐
WWS0XV7HRPDD,青州
WWKUV187JWKU,诸城
WWS3VCB99D29,寿光
WWKZ0RYU1K4N,安丘
WWMNUYZ2C5XC,高密
WWSCTPBRMDHU,昌邑
WW6CSB4BQYSD,济宁
WW6CMJDJ434E,任城
WW744X9JB264,兖州
WW5Q16G3NY6N,微山
WW4ZN7TCY0BK,鱼台
WW4XW2R1D3V6,金乡
WW69X0HBMQWF,嘉祥
WW6G686NKDZ0,汶上
WW76UT92V1CY,泗水
WW6E9MNYH59Q,梁山
WW74MVNHX8DP,曲阜
WW71MSQGYW39,邹城
WW7MBNP039PE,泰安
WW7MCKDBY7F5,泰山
WW7JZ5Y9R8ZJ,岱岳
WW753ZEPM723,宁阳
WW6U6KFG7TQW,东平
WW7SRGJ3PVKF,新泰
WW7JC4M7F0YF,肥城
WWWV6YM1F4ZV,威海
WWWV6FGFUY36,环翠
WWWG9K41ENS5,文登
WWX53WXDBY0N,荣成
WWW6J3P6W6B4,乳山
WWKCX8PB3YE6,日照
WWKCW318GJPW,东港
WWHZG1C62BEP,岚山
WWKG2KNFC740,五莲
WWKD2J1KE8WP,莒县
WWHPMHEV4CS4,临沂
WWHPKVN1B7SS,兰山
WWHP5E068244,罗庄
WWHPW5YPSX1Q,河东
WWK4PZEJZ06D,沂南
WWHHVN7U4GU0,郯城
WWK7E383W76V,沂水
WW5YM1KZEQDE,兰陵
WW7BSKXNSHX9,费县
WW79UWXD3XTH,平邑
WWK80H367EQ4,莒南
WW7G5WDH04T7,蒙阴
WWHQEUYR9RU3,临沭
WWDTN3X443VR,德州
WWDTN3D6R378,德城
WWDUKEEXJB7G,陵城
WWEN1MUX5HXQ,宁津
WWEQZJ9S2NRW,庆云
WWE5E2QJHQK4,临邑
WWE12ENZ81JW,齐河
WWDG3QTDZWHQ,平原
WWD6PWS97GJP,夏津
WWDE9PXW5NBU,武城
WWEQESS30VZ8,乐陵
WWDFJFZKGFZN,禹城
WW6RR5W09UKP,聊城
WW6RR28NEJY1,东昌府
WW6M6XKQM812,阳谷
WW6Q05KR43E2,莘县
WWD8J74TVQ4X,茌平
WW6WTMDTT6FE,东阿
WW6PD8VX3UYK,冠县
WWD9SZUP761S,高唐
WWD38U64V3UU,临清
WWEUSKZ4K1P9,滨州
WWEUVMYTH3FB,滨城
WWSN2P5DKT27,沾化
WWET1Z0BU6QH,惠民
WWEW5D74SS6T,阳信
WWEWSH99NTG8,无棣
WWS524GWKTBQ,博兴
WWE9Z1B3EF69,邹平
WW607X60CDS4,菏泽
WW60D38662MB,牡丹
WW4PTB7981VF,定陶
WW4NHUW7KNEF,曹县
WW4TCRNUSN1M,单县
WW4QUFMNX8NW,成武
WW693KQGUN33,巨野
WW66W0C9HBCR,郓城
WW64K72D30D4,鄄城
WW3BDWW8YKEM,东明
WW0V9QP93VS8,郑州
WW0V9JVYNWC8,中原
WW0V9C9B6YEV,二七
WW0VDXJ1BPHH,管城
WW0VFR2EUERG,金水
WW0W1DZCPQ6N,上街
WW0Y378GUEEZ,惠济
WW1J92W6TMP7,中牟
WW0MFCTTBVCC,巩义
WW0TU7X25TBT,荥阳
WW0SKJBZC6X9,新密
WW0GEYRDT0F3,新郑
WW0KH51FMCSX,登封
WW1MBZNSXN1M,开封
WW1Q444M0R4Q,龙亭
WW1MFR3EUQW8,顺河
WW1MCVJWFGY2,鼓楼
WW1MCGJKPY32,禹王台
WW1MSP3R5F6Y,祥符
WW1SECSHRFG1,杞县
WW1KHUFS83F7,通许
WW15Y1ZR4C4C,尉氏
WW1WHFC35YMQ,兰考
WQPUYY7S4GV2,洛阳
WQPVR4HUTRT6,老城
WQPVNJZ60FQ0,西工
WQPVRC7XNMRC,e河
WQPVJMRRPS1G,涧西
WW0N9C670PS3,吉利
WQPUZN3QU0QH,洛龙
WQPYNKT52YS4,孟津
WQPV8094SMJ5,新安
WQP25VRNY82K,栾川
WQPDQBUDPM6K,嵩县
WQPFR2F4HVQK,汝阳
WQPU2KPTW6QH,宜阳
WQP7SDTN18D0,洛宁
WQPGY1VXPC59,伊川
WW0JW67UUMPP,偃师
WW02P7XHT0KB,平顶山
WTBXCVVWGV3X,新华
WTBXFV7X18K5,卫东
WW02BEK9YDH8,石龙
WTBXFEC4SER7,湛河
WW02SZXJ3CYB,宝丰
WTBX726FWQJZ,叶县
WTBRCH772XTX,鲁山
WW0922H394YZ,郏县
WTBTRNNDX9ZJ,舞钢
WW04RS2Q9T9V,汝州
WW3M645C7VU9,文峰
WW3M6J4GNWC1,北关
WW3M2VSG55XX,殷都
WW3M36GRRPTQ,龙安
WW3M6GBCXPV8,安阳
WW3K6551HJ7F,汤阴
WW36MVNUT2TP,滑县
WW3SW87XUJ9X,内黄
WW2VNN34YPR7,林州
WW372S04V500,鹤壁
WW3HT9QF0RGY,鹤山
WW3HNNYPHZ0B,山城
WW372F92W3ME,淇滨
WW36YTSBB3YY,浚县
WW34W8VCHBGZ,淇县
WW2BZ4VP4ZYC,红旗
WW2BYFWJJFTX,卫滨
WW3121D1WKYR,凤泉
WW2BZVJ83JVK,牧野
WW2BZF5MQKGW,新乡
WW2BDHTQSUW1,获嘉
WW1P3KWMJ3X6,原阳
WW1PYWVGSFGV,延津
WW1R7SWJ51XF,封丘
WW381XGQVETF,长垣
WW317SR5ZWKC,卫辉
WW2CSZKC3PHE,辉县
WW2835D5K7BE,焦作
WW282RRS2F2Y,解放
WW22RQSXG9EB,中站
WW28DD4PFZ4S,马村
WW28349N3ETT,山阳
WW28MJMJWEFR,修武
WW22HFX01GNV,博爱
WW0XSJBB36PX,武陟
WW0QTNY3FZZQ,温县
WW0R9F15G9ZP,沁阳
WW0NW37GHRX1,孟州
WW3GD3N1D5CE,华龙
WW3U5X7UDMJ9,清丰
WW3VM2NJ4X3Z,南乐
WW6HH3BTCHDH,范县
WW6KU1X7HWMH,台前
WW3G3XDR3729,濮阳
WW0CWDZP17BC,许昌
WW0CTFQUC063,魏都
WW0FJUQZWUZD,建安
WW11YXTYUUEZ,鄢陵
WW08W61WE9KG,襄城
WW0DQH6QDTSM,禹州
WW0FSVSCCNKE,长葛
WTCP494CDTDN,漯河
WTCNFQTJ89KK,源汇
WTCP44TJ8VH0,郾城
WTCPH4KRB0VV,召陵
WTBY1J8ZZGEM,舞阳
WW102S9RC2VQ,临颍
WQPJF7T25VCT,三门峡
WQPJF4089RWV,湖滨
WQNVRSVYPSG6,陕州
WQPMYCTVGTZ3,渑池
WQNCXN85SS19,卢氏
WQPT9WJ1RVTB,义马
WQNU6UJJD4RU,灵宝
WTB58RQWFJC5,南阳
WTB5BB88DRS4,宛城
WTB58TBXWEYG,卧龙
WMZYW6MP8US5,南召
WTBM72S5FCE0,方城
WMZM2F3Q038U,西峡
WMZGCUGMSW32,镇平
WMZS10WDJYSC,内乡
WMZK2Z1K0R8G,淅川
WTBK1B945WX1,社旗
WTB4P8B739CF,唐河
WMZCH84F8XRU,新野
WTB8HKZ2GT2E,桐柏
WMZ9YMNNV393,邓州
WW45ZXMVB36N,商丘
WW45YWXD3T0C,梁园
WW45XSKNVP4C,睢阳
WW1V5GG4GKNJ,民权
WW1GFRRMV36Y,睢县
WW45BPMMYC2Q,宁陵
WW1CZDQBHSR6,柘城
WW47SNR6S8V1,虞城
WW4DDX7K1NKP,夏邑
WW4BCQVWRDK3,永城
WT9NG9P4ZDHG,信阳
WT9NER49RVET,负
WT9NSU5T2MR4,平桥
WT9RNJY4W7J9,罗山
WT9WNT5DH09S,光山
WT9EVYJF1525,新县
WTDHCVP8QVSS,商城
WTDR065W56GC,固始
WT9YC946C60E,潢川
WTF03ZXWQYHT,淮滨
WTC849PU6V0D,息县
WTCX2BMDDWHP,周口
WTCX2VDHGZTY,川汇
WW13FF2BPHMD,扶沟
WW12Q1N5Q2TT,西华
WTCQXZCNMT12,商水
WTCY42R3J76B,沈丘
WTCZMMY16W9U,郸城
WTCXYHM56P8X,淮阳
WW19V6R0NUR4,太康
WW40EVCGP195,鹿邑
WTCWQ97SK5CW,项城
WTC5DEFF6TD5,驻马店
WTC59FGT5T22,驿城
WTCJFSDUDE40,西平
WTCM228GGCX8,上蔡
WTCE86P00T7N,平舆
WTC36Y8UZ0MW,正阳
WTC4DE4CFE4J,确山
WTBD4SMPG6H6,泌阳
WTC7DP7NUJGG,汝南
WTCHD4U28XCH,遂平
WTCF23VYS4QP,新蔡
WW0P9B6381U6,济源
WT3Q0FW9ZJ3Q,武汉
WT3Q15127BGF,江岸
WT3Q05M8D0GQ,江汉
WT3JYZUB3PKY,~口
WT3JYFXEDP1P,汉阳
WT3MC4WT3FKT,武昌
WT3Q6F0VYYG8,青山
WT3M9BFEN0YH,洪山
WT3NJN4YMV8N,东西湖
WT3H7VVXDGNX,汉南
WT3JFYFJ7T4T,蔡甸
WT3K9MJ39443,江夏
WT3RDE9WY1J4,黄陂
WT3XS24F3BU6,新洲
WT3GC9DRC209,黄石
WT3GFQ2E83RH,黄石港
WT3GG9EZF2J9,西塞山
WT3G8NNE5PV2,下陆
WT3EY9EXU019,铁山
WT3CV6N0FE3C,阳新
WT3G0PW95NTM,大冶
WMYC8VK3H18J,十堰
WMYC3Y8SV0MN,茅箭
WMYC8ZG8115H,张湾
WMYFCB88T5T4,郧阳
WMYE8XMQUMZE,郧西
WMWRK77135MQ,竹山
WMWPBEXTTK9V,竹溪
WMWWRWPJK123,房县
WMZ31TW3KRG1,丹江口
WMRNSHZ87YY1,宜昌
WMRNSPPT7TUH,西陵
WMRNMGN3GBDB,伍家岗
WMRNEGFZKJCH,点军
WMRJXW7VJMW8,V亭
WMRPJ1SB0P8P,夷陵
WMX2U0N7ZEBC,远安
WMWF25JDYP96,兴山
WMQZMKMJV2TC,秭归
WMRJ3FYU9G8T,长阳
WMQEY3ERVBJ1,五峰
WMRKBN5KV4XR,宜都
WMRRRDEEWB3J,当阳
WMRMP7S7TG0S,枝江
WMXY3PVX93RV,襄阳
WMXWPE9J39Q2,襄城
WMXWR9FQ1X17,樊城
WMXYBV9K9THS,襄州
WMXSBC25GV7U,南漳
WMXRSDT43S40,谷城
WMXJ7E9F2YSR,保康
WMZ2JNEE5T7P,老河口
WT8NV9N4C6JE,枣阳
WMXU6Q3YQSD6,宜城
WT3SYNJHF48X,鄂州
WT3E17UHSWMM,梁子湖
WT3TDX5CTXP7,华容
WT3SYQ9ZG5M7,鄂城
WMXB90VDC7PZ,荆门
WMXB9J4RH898,东宝
WMXB1PTX96XF,掇刀
WT2N9UF22NU3,沙洋
WT813F662JHK,钟祥
WT82MXHBT507,京山
WT3PBQDH23US,孝感
WT2ZZUXQMFTK,孝南
WT91C2YKMQPR,孝昌
WT95SG5SSDX9,大悟
WT8BKRN0X55E,云梦
WT8B0670UF1V,应城
WT8CFUE0ZYRZ,安陆
WT2YQ78MPNPG,汉川
WMRU6PDDV99V,沙市
WMRU9C7MH9C3,荆州
WMRG1F56KW32,公安
WT238SSDNDUS,监利
WMRFY4V9RVEX,江陵
WMRCJSPJVCDT,石首
WT29T8GV8DEK,洪湖
WMR7XQH7JZB8,松滋
WT3TJZMB152J,黄冈
WT3TNHBFY1PX,黄州
WT3WMBJB9JB5,团风
WT99BNREPWDS,红安
WT6P1GRDQZUE,罗田
WT6QBJU7DR7Q,英山
WT3VPP301EMT,浠水
WT65FXJW9BQQ,蕲春
WT67N5CSSY3M,黄梅
WT9C3S4K9M28,麻城
WT61V6HBY5KC,武穴
WT33C6J2C563,咸宁
WT33BG1B7CC8,咸安
WT2FXCEQNM5D,嘉鱼
WT0YQHC1W5PQ,通城
WT304G6J5X68,崇阳
WT32MUWBMRVJ,通山
WT2CP6KGS3D9,赤壁
WT8S7Y3W2KX4,随州
WT8S7WJG9YYR,曾都
WT8T4P1VBGB4,随县
WT8GYH1PY5PR,广水
WMMU75CW7CKH,恩施
WMMKQGBQKCRH,利川
WMQN0FWCYM6Q,建始
WMW2WS7Z77D8,巴东
WMMFE38YHVHF,宣恩
WMM8GG0DE34B,咸丰
WMJZCMYWKYB7,来凤
WMQ4PG1KHGFX,鹤峰
WT2SV8EY0D76,仙桃
WT2M09U9QEH8,潜江
WT2QRPRCSNKH,天门
WMW7Q9T3W529,神农架
WT027GXDDZVH,芙蓉
WSBRGN2DUPB7,天心
WT029SWNTQ9M,岳麓
WT02FBTQR9TC,开福
WT02H4GSFM21,雨花
WT01RK950X33,望城
WT029G15ETRJ,长沙
WT0B1SWCDUM4,浏阳
WT009NU2JJDW,宁乡
WSBQQ66C8040,株洲
WSBQRPW5R0E0,荷塘
WSBQNDXN4W0R,芦淞
WSBQTGJS3ZM1,石峰
WSBQM479QTF1,天元
WSBMWDBCBUTQ,渌口
WSB9DGHQKKUC,攸县
WSB8RQY12DPE,茶陵
WS8YSUSC1JU8,炎陵
WSBTQM1T7TUG,醴陵
WSBQ3PSWU03K,雨湖
WSBQDD9F5K58,岳塘
WSBQ3F31E8P0,湘潭
WSBJB8JFGN9T,湘乡
WSBNBKW84135,韶山
WSB118FZZ57Y,衡阳
WSB148ETSU8F,珠晖
WSB0FX94CB94,雁峰
WSB161E8EB7F,石鼓
WSB117TP0EC6,蒸湘
WSB5J0XQZ2HM,南岳
WKZCMJ9RDU2U,衡阳县
WSB05F5C931H,衡南
WSB6BMJ6JXGV,衡山
WSB641Z8MVBK,衡东
WKZ8R75KC3G6,祁东
WS8NRCWGESFY,耒阳
WKXYM38EEUCW,常宁
WKZ7089YZ20M,邵阳
WKZ6CN1JMM0C,双清
WKZ4ZSP7H0ES,大祥
WKZ7008UVZQF,北塔
WKZ7NBTYG8PM,邵东
WKZ72J7QT1P7,新邵
WKZ1S50Q6UV9,邵阳县
WKYFQ9196W2T,隆回
WKY9UH69ETRX,洞口
WKWR4W8Z9P0U,绥宁
WKWY67QTBJNG,新宁
WKWQN2S86K61,城步
WKY8J6N39C4U,武冈
WT0RN5QNW4KR,岳阳楼
WT0X9MY4SEDS,云溪
WT0RE7SWF39G,君山
WT0RN4EKXHCD,岳阳
WT0PCTFYRNGG,华容
WT070TH9NEKX,湘阴
WT0G2S66JU43,平江
WT07V4YK4VP7,汨罗
WT0XWNDM6WK3,临湘
WMPMM26US87X,常德
WMPMM3CHK06D,武陵
WMPMJ5PRMJ98,鼎城
WMPZ27XXYMQP,安乡
WMPS7VN4DN7R,汉寿
WMR2WCVZ78R6,澧县
WMPRS9JN9TFH,临澧
WMPK2V168Q2Z,桃源
WMR0Q8B7YPEM,石门
WMR89EV1XBMZ,津市
WMNT9YCY99D6,张家界
WMNTEJXJNE5N,永定
WMNWGPJ2PST9,武陵源
WMPP2EEPGTMR,慈利
WMNR680G3J0Z,桑植
WMPFEYKZJDQM,益阳
WMPFEV7VN8Z5,资阳
WMPFTN3R4F2V,赫山区
WMPZJSRNVUFW,南县
WMPDR3ER337R,桃江
WMP16Y7VMZ6Y,安化
WMPUJ7BX7VC9,沅江
WS86EV4EKUK4,郴州
WS86EW2H7GJD,北湖
WS86U09ZVUSD,苏仙
WS84MHP2P7SK,桂阳
WS826PZTTZ0M,宜章
WS8KTSUFM103,永兴
WKXCT09Q6C8G,嘉禾
WS2PC4H6TJD9,临武
WS8C6G5PXCPY,汝城
WS9H2E9R12M7,桂东
WS8XCS8DY29X,安仁
WS8EB9E86PP2,资兴
WKXQ7GRJYT07,永州
WKXMHN5QNGN0,零陵
WKXQ7E2TUMP7,冷水滩
WKXX1NWXTZHU,祁阳
WKXNHJZX5UWN,东安
WKX7SXTN1WFH,双牌
WKX35PD542YQ,道县
WKRPV6H49J8C,江永
WKX9EH2FY1CH,宁远
WKXB2DQYZQY8,蓝山
WKXG3WS4GW0Y,新田
WKRR5PFH4KNQ,江华
WKYHZ4GWCU8B,怀化
WKYHZVJMT0CG,鹤城
WKY5VS08DDJN,中方
WMN3ZYB3B2TM,沅陵
WKYR71NXU469,辰溪
WKYWU69VUC0P,溆浦
WKY0BEX9J71C,会同
WKYND99FT2W1,麻阳
WKVESNX1V3U1,新晃
WKVUPV4EC4ZS,芷江
WKTZPYDX9PPS,靖州
WKWHFH5773SF,通道
WKY4EP87RRX0,洪江
WKZTU85FVNSV,娄底
WKZTU89M9NDC,娄星
WKZU1JJEC6ZU,双峰
WKZJUEWPMYZJ,新化
WKZJRWUZEJYP,冷水江
WKZMT4ES5W70,涟源
WMN114DHVC2T,湘西
WMN10GQZYQDK,吉首
WMN2S17C2JKC,泸溪
WKVZN00K91EK,凤凰
WMJFE6BFSFHU,花垣
WMJGRHKDNHJC,保靖
WMN4VFP5SDWN,古丈
WMNHGXQ34XBF,永顺
WMJZDHU7PY4J,龙山
WS0E9D8WN298,广州
WS0E8F6N4RPM,荔湾
WS0E96FT02NG,越秀
WS0E66Z20TDM,海珠
WS0EE6PJG2NP,天河
WS0EC2PHQX3N,白云
WS0EMWYGT1DG,黄埔
WS0DE3FVQQJF,番禺
WS0T07U6CHNV,花都
WS09XPQTZJDF,南沙
WS0VBX4KTY4M,从化
WS0UW38KR4ZC,增城
WS2V1N2FZZ77,韶关
WS2V06ENKZ1F,武江
WS2V148YRZ56,浈江
WS2U3HBGRV7Q,曲江
WS3JGWP0R9HG,始兴
WS2YSMWJX4GE,仁化
WS34T0FCJBBP,翁源
WS2SCX09YQC9,乳源
WS30YTVCUV5Y,新丰
WS2WGQFBY7TC,乐昌
WS3QBUYWX53K,南雄
WS10730EM8EV,深圳
WS10M1282EDZ,罗湖
WS105K2T7CJQ,福田
WS100QW1GPVQ,南山
WS0CQNGUGPVU,宝安
WS11R8SX9P8H,龙岗
WS10R6V1Z3W3,盐田
WS115H2FNT23,龙华
WS134N2PPHDH,坪山
WS112TF588VD,光明
WEBY8Q5HHUCU,珠海
WEBWXTUKFZVF,香洲
WEBW3TPBZK4N,斗门
WEBTS3XR5D0W,金湾
WS4UZ4EZ953Z,汕头
WS4UZZ55FE62,龙湖
WS4UZW19C9YK,金平
WS5H2PDDMW50,濠江
WS4UMK1T8FMS,潮阳
WS4U33H9BCEJ,潮南
WS5J94MKFJNZ,澄海
WS5JNZ7R7SKM,南澳
WS06YNEMPP18,佛山
WS06YJ1QBPTV,禅城
WS07NB3R6P5J,南海
WS09DNWE9K51,顺德
WS07B3VRJ95C,三水
WS0628UDNTKS,高明
WS02MNW64CP6,江门
WS03H2M8FGM9,蓬江
WS02NRFNW3V1,江海
WEBRU49CJZSE,新会
WEBNW67ZSKX5,台山
WEBP7F5UCQ3H,开平
WS03D9NHZG9K,鹤山
W7ZY5MWRGETJ,恩平
W7Y3P046TR7U,湛江
W7Y3P80FXRKU,赤坎
W7Y885QFFQQT,霞山
W7Y8CBCC9WF6,坡头
W7Y3N2HDDR6H,麻章
W7Y3SU1EE0Y7,遂溪
W7W7DUZQG4DJ,徐闻
W7Y6VRB1THP7,廉江
W7WR0BMGCFTH,雷州
W7YCBTHQB1D9,吴川
W7YGK0CKZKF9,茂名
W7YG5UHY0DC5,茂南
W7YFMCGWX6QZ,电白
W7YUDQQT20NV,高州
W7YEM2YKCUFC,化州
W7YZHSXQ4MUP,信宜
WKPGPK45UZQM,肇庆
WKPGPSCPVC6T,端州
WS05C2MS6B9J,鼎湖
WKPGNB7X6ZJM,高要
WKPYQMTN8ZK0,广宁
WKRB0DWBP7NT,怀集
WKPM31RCDK9F,封开
WKP7XQK6TBB9,德庆
WS0HSP55471W,四会
WS17E8Y5G0RU,惠州
WS176DZ1QKTP,惠城
WS13SYDE8K43,惠阳
WS17BEB1M10N,博罗
WS1DDX2S1WRZ,惠东
WS1NZZFM3BWE,龙门
WS6D4KH12059,梅州
WS6D64N18D5J,梅江
WS6D0U112BPC,梅县
WS6FX8F350FZ,大埔
WS4X5XPWQ1NV,丰顺
WS624KM4KE2D,五华
WS67UBV4XEYW,平远
WS6S7E03JJQ6,蕉岭
WS633S25BQQ9,兴宁
WS4196CZ5GG1,汕尾
WS448MS9ZY2G,海丰
WS4HX9TU26F1,陆河
WS44X9VV2Q44,陆丰
WS1WFPCVR8WG,河源
WS1X4107UC2Y,源城
WS1YKVXW8X2B,紫金
WS3CNE62XTSE,龙川
WS36TH3V9370,连平
WS3EP6CRX477,和平
WS1XE8KCWCFD,东源
W7ZSKJM3GP7Z,阳江
W7ZS7KRD3R55,江城
W7ZSMP4KPPW5,阳东
W7Z7EZRNYTB7,阳西
W7ZQPTEXYG9J,阳春
WS0QU43YTBHW,清远
WS0QUDT8X9DW,清城
WS0QFZVT2B9G,清新
WS0XZ7NP0DXS,佛冈
WS256BQWM4Z0,阳山
WKREY2Y4T7CQ,连山
WKRUDUPU3TUP,连南
WS29S3Z6EW8W,英德
WKRUVR09GYC9,连州
WS0GHKN5ZP7T,东莞
WS08H58U92R8,中山
WEEJ79ZFGR3H,东沙
WS4YTUBPDZY9,潮州
WS4YTY74NHT5,湘桥
WS4VRHGY1HCF,潮安
WS5NWKUZ9XG1,饶平
WS4VBP4H9W1J,揭阳
WS4TZGH3YWW9,榕城
WS4Y14Y3NW7Y,揭东
WS4M7C2CDSEF,揭西
WS4EN02X2RHM,惠来
WS4SE9XSQ4YC,普宁
WKPDMK3Y8JWT,云浮
WKPDMQRVRJH7,云城
WKPEK9EFTPUF,云安
WKPC1U7MHD9Q,新兴
WKPK1UVST3GE,郁南
WKP3DC4UC7TS,罗定
WKJ1F428HH2F,南宁
WKJ41BUVFEZJ,兴宁
WKJ1C6HK1RFJ,青秀
WKHCXEZ30PHK,江南
WKJ1BMPFBBPH,西乡塘
WKJ12ZDVDBWV,良庆
WKJ1KT88R5QS,邕宁
WKHGZ9ZZ1C53,武鸣
WKHEF7F1MC5W,隆安
WKHYVQNGP8MZ,马山
WKJJR321EKT4,上林
WKJK5G1DRC8P,宾阳
WKJ9N2ZBXD3M,横县
WKMF3VJHWB9X,柳州
WKMF3E507941,城中
WKMF6E9986TH,鱼峰
WKMF3NBB820V,柳南
WKMF97SF9JK7,柳北
WKMDPF5WVXUT,柳江
WKMSJX6UEMP3,柳城
WKQ52BQYQ6F2,鹿寨
WKMZ92YXKUBK,融安
WKMWW5C7MD8R,融水
WKTFWJ073H76,三江
WKQRV6P6WM81,桂林
WKQRV12W5W7N,秀峰
WKW2JBGCJJ91,叠彩
WKQRTRKBSFQF,象山
WKQRWJXEGS3R,七星
WKQQVD0VZWM9,雁山
WKQRE8VPQHGS,临桂
WKQSFP11FWFC,阳朔
WKW2W7SD4R6N,灵川
WKWGX2QTNW6D,全州
WKW9WRGRMFJH,兴安
WKQNNEKZP9XB,永福
WKX0CQ2ZY8R0,灌阳
WKW4Z0EXCU8F,龙胜
WKWSJ6W79ZDY,资源
WKQSJ7Y21UFB,平乐
WKQV3BPVNPMX,恭城
WKQ7RVBM07JM,荔浦
WKPJS42KFVJX,梧州
WKPJT196EK7E,万秀
WKPJS5BJ5QEV,长洲
WKPJ5M5RV8GD,龙圩
WKPJ5P7PQU7M,苍梧
WKNVH01QR7FS,藤县
WKQ9DVQPNWUZ,蒙山
WKNFMKMNTMTV,岑溪
W7VD5N6F061Q,北海
W7VD4VVDG5RQ,海城
W7VD53NHY2TV,银海
W7VF3ZENHN9Z,铁山港
W7VEKBVHBKV9,合浦
W7V53W659VPW,防城港
W7V54HT0496N,港口
W7V5CE453YPS,防城
W7UY10K9H778,上思
W7UF2ZMM76GH,东兴
W7VHZEYSJ2W6,钦州
W7VKB6R5BC54,钦南
W7VJGTXK3GR7,钦北
W7VXX5MB4X51,灵山
W7VYSY5UHHBS,浦北
WKJGQJ0R3057,贵港
WKJGMRC50RFB,港北
WKJGMCKCVNJM,港南
WKJGDD9SRNM3,覃塘
WKNMZZ0K8QJM,平南
WKNM0GVFCUJJ,桂平
WKN2DZXM71F0,玉林
WKN2DRY662FY,玉州
WKN28259H5DJ,福绵
WKND5EK53SYX,容县
W7YRJ301TJXQ,陆川
W7YNWRVWQTP2,博白
WKN1KJSBKE3U,兴业
WKN3R043T6GZ,北流
WK5ZFNY7D4FJ,百色
WK5ZFPDUE1BJ,右江
WKHNCPBV28D7,田阳
WKHNM84RUYV5,田东
WKHS8J32GEN4,平果
WK5UDPN7454N,德保
WK5M0PRP3SRT,那坡
WK7F90CCHBZX,凌云
WK7UBX53FYY3,乐业
WK7D1RDMF2M4,田林
WK6ERS56ZE00,西林
WK6UUV4ZWYST,隆林
WK5ETDSWJ8X2,靖西
WKR6FMS0Z3UW,贺州
WKR6FKD48S16,八步
WKR70SJ1M63M,平桂
WKQC92407NS4,昭平
WKR5S9W1TGRJ,钟山
WKRJK00M4ZMX,富川
WKKUE0QPVT8X,河池
WKKU6R5K3T89,金城江
WKM72U54FE10,宜州
WKKQNGKZN9E2,南丹
WKKNNXNG9CZB,天峨
WKK5EVPQJG9Q,凤山
WKK77R8RQ76C,东兰
WKMKYP49CYV3,罗城
WKKVR21JPZ6R,环江
WKK32S35FNK3,巴马
WKKB5UK42E64,都安
WKHYCPUTK2EE,大化
WKJWVXFV72X7,来宾
WKJXJ8BJEYWS,兴宾
WKM2BVG1FT1N,忻城
WKMBRGDE35ZE,象州
WKJYR85RBNZ5,武宣
WKQ370WXKN48,金秀
WKJRT2K9WCGF,合山
W7UR7MB3QQDU,崇左
W7UR6Z32S5CC,江州
WKH8XRDMK1Z2,扶绥
W7UJUKTUXG48,宁明
W7GZPKTY1MYX,龙州
WKH1ZKHDMH3W,大新
WKH5MC9DTZVF,天等
W7GVV4UFR6C5,凭祥
W7W3YQKE4QDH,海口
W7W3VDWPN4P9,秀英
W7W3YQZT42Z8,龙华
W7W3Z1F46YX5,琼山
W7W3ZQE17J8N,美兰
W7JZGDR3YYTF,三亚
W7Q09504MN9X,海棠
W7MBJ2MWU8XX,吉阳
W7MB4E3DV1CS,天涯
W7M8KNJT9XDF,崖州
W6ZZU0E5REV5,三沙
W6ZZU0QTK2SN,西沙
W982Y5WFG81G,南沙
WDC336NBG99F,中沙
W7MZJ3D2NP9X,儋州
W7MFU4Y12VWZ,五指山
W7QT9B3G3S46,琼海
W7QZ1QFP50HH,文昌
W7QDBNQVFQN8,万宁
W7MHXVJCW6NC,东方
W7W2N6K8F64J,定安
W7QQ1QHQ7VWQ,屯昌
W7W0PPEX9F8F,澄迈
W7TCRF6D3JPS,临高
W7MV6SENCGG4,白沙
W7MT92RG3HJD,昌江
W7MDSJR4TMK4,乐东
W7Q1PZC6KCFW,陵水
W7Q1BR3PE78W,保亭
W7QH70RCB3PE,琼中
WMMP6DW7X06M,万州
WMK35FQ793S3,涪陵
WM7B0UQQJ0GH,渝中
WM5XWZZPRXZ1,大渡口
WM7B3N6262QC,江北
WM78N6K8U9KE,沙坪坝
WM5XZE5ZMCBN,九龙坡
WM5ZFDVK7WMM,南岸
WM79T0YJEDWK,北碚
WM5V4UU0J05Z,綦江
WM70VWWZN938,大足
WM7C46MEE1DC,渝北
WM5XPUMQZUUY,巴南
WMJRGPGBSWYR,黔江
WMK1UTTM2GE4,长寿
WM5SCJ07NZ5W,江津
WM5W6QWEZ7RF,合川
WM71JRZDM9CN,永川
WMHJVF9EJCVG,南川
WM783HE03RUT,璧山
WM73V4P2B573,铜梁
WM778NP51XZ8,潼南
WM5P68152M4P,荣昌
WMT17HJH9J72,开州
WMKWT11EFN9B,梁平
WMHWGGM5SUR2,武隆
WM7B0X53DZW2,重庆
WMTMBB744X9J,城口
WMK9GMWT6GW4,丰都
WMKKDC3VH3C9,垫江
WMKU65CY23MU,忠县
WMT20F70FD1J,云阳
WMTB7P18EGH5,奉节
WMW0U3UNJEFM,巫山
WMTFWSNNK0HZ,巫溪
WMKFSM6DDT76,石柱
WMJ3ZGHV603U,秀山
WMJK55GZKTY3,酉阳
WMHYTMYUZEVU,彭水
WM6N2PM3WY2K,成都
WM6N2M7XGZEW,锦江
WM3YXBW1MWTV,青羊
WM3YXEWSR0CV,金牛
WM3YRD8KCECP,武侯
WM6N2VFQ5GF5,成华
WM6JUTP55J51,龙泉驿
WM6PEV9CP11P,青白江区
WM6P3URTYBS9,新都
WM3YDSY8QQG3,温江
WM3VUYBJRT0M,双流
WM3Z7FE5E2QJ,郫都
WM6R825D72GF,金堂
WM3TGWUVQV4T,大邑
WM3EG1WRUB19,蒲江
WM3V43Z3M74B,新津
WM98MGMU14B5,都江堰
WM9BHZXX8D8F,彭州
WM3T49B93EPB,邛崃
WM3WR040WJFG,崇州
WM6KGN4UZDDR,简阳
WM4WBR42NUWC,自贡
WM4WBJNRWDMF,自流井
WM4QYY9QFH03,贡井
WM4X04H05E9E,大安
WM4WD3MNCY4X,沿滩
WM4R8HU74Q5M,荣县
WM4WHBH1G638,富顺
WK8R4WWPXZ1K,攀枝花
WK8R43389RMT,东区
WK8R2DS5SJ8J,西区
WK8QFBJT8Y1C,仁和
WKB8GV3E27PJ,米易
WK8RVSSFV08R,盐边
WM4UPPEGCN1F,泸州
WM4UR1UBCUVP,江阳
WM4GTV2J6UWW,纳溪
WM4UX0NC4NH8,龙马潭
WM4VVFX75CZ5,泸县
WM57BNX09TRS,合江
WM4BR05Y1H9G,叙永
WKGPXFRG0DYZ,古蔺
WMD1P5P1QK95,德阳
WMD30J8NSKYC,旌阳
WMD61VWS4RPT,罗江
WMD2W0CDUG1R,中江
WMD0HZWRS4EF,广汉
WMD147N32UTG,什邡
WMD475H4GZX6,绵竹
WMD7P0YN1CHN,绵阳
WMD6ZWXSH9T8,涪城
WMD7PFN8BEQQ,游仙
WMD77ECE9D52,安州
WMD8ZJSFTKNY,三台
WMDCTGRMEVZ4,盐亭
WMDGCNN6NE7G,梓潼
WMDM0BDHVMUV,北川
WMF26TUKJW12,平武
WMDKZ9KEGVMH,江油
WMG22PXN3WPT,广元
WMG282Z7NHF2,利州
WMERGHTGZ80X,昭化
WMG39X06UZU5,朝天
WMEX67Q9R7RY,旺苍
WMFC6E40K8PN,青川
WMEP9HMKDHNU,剑阁
WMEKD2RBEUSY,苍溪
WM7JD7CXZK37,遂宁
WM7JDJQPBNBD,船山
WM6UXWKR9SYU,安居
WM7PJEQFQXCE,蓬溪
WM6ZTGXQGCP4,射洪
WM6Y4DHB00XN,大英
WM68Q2Z5FRTM,内江
WM68QF9EBXED,市中
WM68QUT8KRYM,东兴
WM4RVZF2EYBZ,威远
WM693VM3N46E,资中
WM6BE5B9WB2P,隆昌
WM3B1R518R80,乐山
WM3B1HGHDDRJ,市中
WM1XK712G7EV,沙湾
WM1Z63UKTHX2,五通桥
WM1Q3S60DMF0,金口河
WM1YJRQ4FDCC,犍为
WM608JT7YB87,井研
WM39HU1MGCTM,夹江
WM1UU3CDMRRJ,沐川
WM1QMCNVJ6VJ,峨边
WM1SH26FCVS2,马边
WM386SXB6ZBT,峨眉山
WM7RJGM47PV5,南充
WM7RNNEPYQR8,顺庆
WM7RNSN3MYXC,高坪
WM7QVXUHQCGG,嘉陵
WME6MEJFFPS6,南部
WMEBC1CYHGZT,营山
WME8T8UDVEPR,蓬安
WME9FKW8ZQRZ,仪陇
WME2377KNFF5,西充
WME7KPDB5428,阆中
WM3FFWQTYQ52,眉山
WM3FFTW3T7RB,东坡
WM3GG9EZF2J9,彭山
WM649VRDWVKD,仁寿
WM3D0NZ8XS68,洪雅
WM3DG8UZNVDE,丹棱
WM3CENMK27H9,青神
WM47STMVQSWN,宜宾
WM47STK22SHH,翠屏
WM4SHGUP7MC9,南溪
WM4770DVXEF2,叙州
WM4EQYJSKKNM,江安
WM4DEDB6T4NK,长宁
WM43DRT0U80E,高县
WM43YGNV2B7S,珙县
WM4262JNHS8E,筠连
WM4BFXF5KWR5,兴文
WM4HN06FCJW2,屏山
WM7V66VSE5DV,广安
WMKJ824QJCE1,前锋
WM7TVC7YWSZB,岳池
WM7SDMN9X6PC,武胜
WMKH932J19FC,邻水
WM7UVDE8366Q,华蓥
WMS3W5RJETCF,达州
WMS3TG2T9TBD,通川
WMS3QPZ15T9C,达川
WMSD75P6CZTD,宣汉
WMS8Y9UW15VV,开江
WMKNZ6HXJP1W,大竹
WMKP6HMJV8T1,渠县
WMSY6Q1J33Q3,万源
WM34XCDQ1VND,雅安
WM368WBCX6RB,雨城
WM374ECSWNMJ,名山
WM31S2VJDDWK,荥经
WM0YZZ52NKE9,汉源
WM0Y33PT1FUT,石棉
WM3544H62W30,天全
WM35W08H3Z67,芦山
WM3HG8XNPDKF,宝兴
WMEVJW5E9Q66,巴中
WMEVJQZ9N3N2,巴州
WMETP06HJ8Y4,恩阳
WMSM84FE2P70,通江
WMGBNCPHRMJD,南江
WMS5T55UDFS1,平昌
WM67M75V9WZY,资阳
WM67MCT9JU3E,雁江
WM6GHZDCNYST,安岳
WM6SMB31Z35E,乐至
WM8TQP4QFXH2,马尔康
WM9EJ4B8KCMF,汶川
WM96G9WJ50XU,理县
WM9U5PJM2KH9,茂县
WMC9TKP5WBZ5,松潘
WMFJ7B9GZ190,九寨沟
WM8E4DV073K6,金川
WM8B37RS1FUE,小金
WM9NRQ5TRCM3,黑水
WJXZ9FE6KS12,壤塘
WMB74JR8MU82,阿坝
WMCPN9JCSVEY,若尔盖
WMBFTE49U5NM,红原
WM2DBQKMCNNB,康定
WM2DNQC8ESKB,泸定
WM2RWMDC014P,丹巴
WM0HVXQ11RVD,九龙
WJRFFFB92TEX,雅江
WJXBJP9RDF8F,道孚
WJXDEH0YQ01P,炉霍
WJX5GH5PYG5R,甘孜
WJX24F6BC6JT,新龙
WJWJ50XUBMZT,德格
WJW38GMV9VV4,白玉
WJVG87F4RTTG,石渠
WJXRE4D46KN2,色达
WJR69TQ6SM74,理塘
WJQ6XJ66TM7F,巴塘
WJNUX481KWCS,乡城
WJPM4KU0P2HX,稻城
WJNE7HM6PSJ9,得荣
WKBWQZEYXGPF,凉山
WKBWXPN9R8ZN,西昌
WKBNBSTB513E,木里
WKBHJ9QP36TE,盐源
WKBEVHJ0WD4Q,德昌
WK8XWZ0HJ8Q4,会理
WK8ZQRB6ZPZC,会东
WKC1FXFY4TDP,宁南
WKBGV0KH41VJ,普格
WKCJEWR0XWSB,布拖
WKCMTD8K5QK0,金阳
WKCPKKVH6DW6,昭觉
WM0C4E7ZYYXH,喜德
WM0DKVMGV99X,冕宁
WM0FUZSF35HD,越西
WM1HF9FF6X6J,甘洛
WM134V2FPNV8,美姑
WM18UF3KEVVQ,雷波
WKEZD7MXE04F,贵阳
WKEZHKZJKNZX,南明
WKEZKQP0SPXT,云岩
WKEY53GB7KZZ,花溪
WKEZMPUFZRC1,乌当
WKEZFBUNM07Z,白云
WKEZ65M9FNBQ,观山湖
WKU1FPVNJTTP,开阳
WKGFHTQKVQ0H,息烽
WKGB9K30N480,修文
WKEXNC30FYDP,清镇
WKDX33TQ96BZ,六盘水
WKDX1WQZTN43,钟山
WKEJ052UM4HH,六枝
WKDXH1Q2BNXZ,水城
WKD6360TZ7W0,盘州
WKUJ8GKSN3ZC,遵义
WKUJ318BBTD6,红花岗
WKUJC00FBWDM,汇川
WKGUWV7Y7JQW,播州
WM5BN8ZVNKJ4,桐梓
WKUPNBNHE18K,绥阳
WMH6KTK5U3TZ,正安
WMHS23RYJWPN,道真
WMHDQCEZ61QR,务川
WKUX55Z31CVS,凤冈
WKUMVZ2ECX0W,湄潭
WKUDYG5ZFPY2,余庆
WM59157PCQSS,习水
WM54T6B6SD0K,赤水
WKGWM8KXJXZK,仁怀
WKEM6FWMMFWJ,安顺
WKEM74RR02GU,西秀
WKEW3C8GSKYN,平坝
WKEJWRKV1EE5,普定
WKEHQCGKG8HR,镇宁
WKE5EKN1SQS5,关岭
WKE6MZTHE5VJ,紫云
WKFG79YD1BCG,毕节
WKFGK4NKXR2P,七星关
WKG46YX84QG4,大方
WKG3UB8TNJ4Q,黔西
WKGS30G037HS,金沙
WKEPWZ5K58K6,织金
WKFBMGPKGCZ4,纳雍
WKF0UGW3H55C,威宁
WKF6QFYG8YE9,赫章
WKVTSQQ2WQS8,铜仁
WKVTS3EBTW5E,碧江
WKVSSCV587VD,万山
WKVMSFWHHY68,江口
WKV6YT145ZYT,玉屏
WKUUWCFETGC4,石阡
WKUYZK90PC67,思南
WKVP69NRZ463,印江
WMHBU66SDTGQ,德江
WMJ4SCP234PB,沿河
WMJ8KBJN0KTE,松桃
WK6WEPSTQ9P5,黔西南
WK6WEJ9VE4V7,兴义
WKDB9MMSRXS6,兴仁
WKDDSJN72HRF,普安
WKDFFQ4YESYX,晴隆
WKE0KH7CPQVV,贞丰
WK7RNQ59VHN4,望谟
WK7NPGRZ09WB,册亨
WK7NBHBYT5KH,安龙
WKSZ3058QEG5,黔东南
WKSZ0YTRER5H,凯里
WKU9P2FRU5RQ,黄平
WKUCU2DT4T5Q,施秉
WKV33JDRES3S,三穗
WKV1GHM19J7R,镇远
WKV6S7BQCZ1P,岑巩
WKV9HUTH27TX,天柱
WKTXUBVN22MX,锦屏
WKV05F4CS1JH,剑河
WKTP8ZHHNBQ4,台江
WKTT5R40C63U,黎平
WKT5T2MV5Q2F,榕江
WKT6QPDS9GVM,从江
WKSY54Q4TS2T,雷山
WKSWB01MEWN1,麻江
WKSTJ19D41CZ,丹寨
WKSMQSH1JQT7,黔南
WKSMQWM9VDFV,都匀
WKSRYHX4G89Z,福泉
WKS8WGEF4PQQ,荔波
WKSR0NDX8P5H,贵定
WKU3VXCQ0T8P,瓮安
WKS6YYHYWSGR,独山
WKS6FNHN9KBP,平塘
WKEBTJKURR94,罗甸
WKESN6DE8Z9N,长顺
WKSN6PJ4MTM5,龙里
WKEUDUU4M15C,惠水
WKSEY9S83PJB,三都
WK3N92NQV6RQ,昆明
WK3N3P64940F,五华
WK3N9S7VVVX0,盘龙
WK3N37XB7ECR,官渡
WK3N3H54GDZX,西山
WK9K7GTRH227,东川
WK3JE328T85V,呈贡
WK2UQEP11M2F,晋宁
WK2ZKRNJPHG8,富民
WK3MG0X990WW,宜良
WK3KVVNZTQTJ,石林
WK920WB4MN80,嵩明
WK8C7G0RS11Y,禄劝
WK93MWBK53KP,寻甸
WK2VGBX9T0DQ,安宁
WK9C440U729C,曲靖
WK9C41G417BE,麒麟
WK9CDRZRM64U,沾益
WK98TJ2SKZTF,马龙
WK3WRHD4Q44V,陆良
WK3VQ05VJX7X,师宗
WK6JT3KBW0HV,罗平
WKD4H30D94F4,富源
WK9QQ9SG8KYY,会泽
WKDJ0V5Q9F60,宣威
WK2FT8F9H0YR,玉溪
WK2FMRDWCVD0,红塔
WK344HH32811,江川
WK3HQ5011V66,澄江
WK314NUM0TCH,通海
WK31WJRR4YFZ,华宁
WK2SKGJCJT3D,易门
WK2CD1V6SYWN,峨山
WK28BTG9FJPQ,新平
WK0W1N6JSQ8X,元江
WHQWBSVQS7RS,保山
WHQWBT9W0B66,隆阳
WHQS8VUWTW0H,施甸
WHQ5VD8SFSJ5,龙陵
WHQV62NT0PQZ,昌宁
WHQN3KTD265M,腾冲
WKCG2PQ8G1M2,昭通
WKCERY5710Y4,昭阳
WKCDSRDG3ZS2,鲁甸
WKC1NH8H3GDR,巧家
WKFPGZ1FZ5CJ,盐津
WKCVGGEP7QYJ,大关
WM18W5J5DJ2T,永善
WM1FTQQP4D3V,绥江
WKFS4MH5B4GS,镇雄
WKCVPTYUKTR3,彝良
WKFWQMZN42M3,威信
WM44ZEVVB6F4,水富
WHZ2BV37270V,丽江
WHZ2BTMRE5QP,古城
WHZ28GME01UD,玉龙
WHXXU8GYM0KZ,永胜
WK8P2RYDFPC1,华坪
WHZENYHTX2D6,宁蒗
WHPG4ZZB3XSN,普洱
WHPC9UB2WNWU,思茅
WHPGWHBBGJNT,宁洱
WK0M3C31ESX4,墨江
WHREN6YPT637,景东
WHPTEQP92JD2,景谷
WHPXZWFED6UJ,镇沅
WK02MWSFJ106,江城
W5YYCR4P7JS4,孟连
WHP03CNG3B8T,澜沧
WHNBDZTJ61ZB,西盟
WHPPV7HP148U,临沧
WHPPVQKYQSPH,临翔
WHR5CWR92U25,凤庆
WHR5NDBRW477,云县
WHQ8DQX8USEV,永德
WHNR2CJB9CM1,镇康
WHPJ2HUW1SU6,双江
WHNTVZHUEYHJ,耿马
WHNEDQRDS8GC,沧源
WK2NQUD6QD0J,楚雄
WK2K88KXYTSX,双柏
WK80N37GSQP5,牟定
WK2P27W8DH3P,南华
WHXCPD1KMBWC,姚安
WK843S4BP5EU,大姚
WK8K39CUF8NX,永仁
WK86NQDC254P,元谋
WK8C4PT7HBYN,武定
WK2X4FKMK7UC,禄丰
WK1KGNRS15Y8,个旧
WK1QVYNGJ2MP,开远
WK1SBYMS4EU0,蒙自
WK3DC9GKM9TV,弥勒
WK1DXR3KPN7R,屏边
WK1N7GYS2XJK,建水
WK0YUQN5P07X,石屏
WK3G93E1872J,泸西
WK1H5UYS89V7,元阳
WK1KZS3MC5U1,红河
WS4UZW6K55FB,金平
WK0FF5J2SYY0,绿春
WK1BJGSSS870,河口
WK4HUQ2S15F0,文山
WK4NQ5FU3PNK,砚山
WK4MMUFQ5UBF,西畴
WK47W8B5YB6K,麻栗坡
WK44ZWTV0R40,马关
WK60FDJT3UYQ,丘北
WK68YFJTKKYQ,广南
WK5N7MWNSRK0,富宁
W5ZTJWVFU2BB,西双版纳
W5ZTMB87F1X8,景洪
W5ZKVZ92W8UF,勐海
W7B4PQ340D1Q,勐腊
WHX38U36B3BU,大理
WHX443J6EFCD,漾濞
WHX8BN6RBB60,祥云
WHXDBY0NEUGZ,宾川
WHX2NQZ63WW2,弥渡
WHRQX2HQVF2W,南涧
WHRRD2UPRKUS,巍山
WHWBBUET905H,永平
WHWEJPR1BVDM,云龙
WHXHD7J25BCT,洱源
WHXNCM8UQWRN,剑川
WHXPPSUV7NYP,鹤庆
WHQ5514S00XF,德宏
WHM8DSSNWK81,瑞丽
WHQ4GPRG06PD,芒市
WHMVHY7FUP2E,梁河
WHMSSKNKQMUX,盈江
WHM99MRZ1NVX,陇川
WHW713U75VQ2,怒江
WHW78XWW0YUS,泸水
WHY31BFZVGRQ,福贡
WHYJV216CWST,贡山
WHWWQR56MVM5,兰坪
WHYYKBBJHGP4,迪庆
WHYYKDR3D2H0,香格里拉
WJN64BXK50F1,德钦
WHYDE5VQZXJX,维西
WJ2B9TWGFBT5,拉萨
WJ2B9VM9U1Z6,城关
WJ28WV85V8W5,堆龙德庆
WJ2BYEP4930B,达孜
WJ2FH7NHP5GX,林周
WJ2V3H8YZGG6,当雄
WJ0PE3JNXMBH,尼木
WJ0X0DESDHZ6,曲水
WJ31XQ7SRGJ3,墨竹工卡
TVPNW82QN57R,日喀则
TVPNQVH2QWTV,桑珠孜
TVR2GE0DS3P2,南木林
TVPSWBSXPQDR,江孜
TVJGN7NYG5K7,定日
TVNS6VN4WWKZ,萨迦
TVNM6JF5QBZU,拉孜
TVNN8VYUY7FK,昂仁
TVNZ2TS60JDS,谢通门
TVPMXMHKMC2W,白朗
TVPYK1HJNDYV,仁布
TVPF89NBR6N8,康马
TVN3MK85JPR3,定结
TV7C25KYBFJR,仲巴
TUZHQFX485K9,亚东
TVHSJ5CX6JCC,吉隆
TVJ0K80WPHWE,聂拉木
TVHWG7QEDUQ0,萨嘎
TVNBYK4QCW05,岗巴
WJT157H36HS5,昌都
WJT158PWGVZG,卡若
WJTG5N3SGCS5,江达
WJMZS5WNBCNF,贡觉
WJS9W5MVXJUD,类乌齐
WJEFXRVFC2W8,丁青
WJMQK78M1Y15,察雅
WJKFVQQVZWJB,八宿
WJM8F9K0Q2B5,左贡
WJQ0GEN6D90B,芒康
WJKNUTV78Z7N,洛隆
WJ7RFYWKMCYH,边坝
WJ70G7N4S3H0,林芝
WJ70E5WYGTPN,巴宜
WJ63CZQXD7XW,工布江达
WJ5N0P2FV4U1,米林
WJ5YC735WH20,墨脱
WJK1GM9T6EXF,波密
WJJ71GPQZE7E,察隅
WJ4JMB7S80MZ,朗县
WJ1Q3KPFD1QS,山南
WJ1Q230V5FZT,乃东
WJ0YRYDKXB3J,札囊
WJ0WWMCSGEUU,贡嘎
WJ1QTBQYJ7MP,桑日
WJ1JNHZ24B4Z,琼结
WJ1T6H1CP8YB,曲松
WJ118X92C2J7,措美
WJ097Y3T2RRN,洛扎
WJ1VFDWEN3G7,加查
WJ1C8JWW7PVR,隆子
WHCRK35ZY633,错那
WJ0KC1G62XMT,浪卡子
WJ97P4G263RF,那曲
WJ97N9Q6PJUR,色尼
WJ6Q3GWT4QPE,嘉黎
WJDE5DZ8Q1QF,比如
WJ9WSR6B9CUR,聂荣
WJ9PW4X66U4B,安多
TVRPFX4Y6Q8F,申扎
WJDTQ58D2QSR,索县
WJ842QWX6PC4,班戈
WJDVESWT9Z3V,巴青
TVWHBCQGYM6K,尼玛
TYN9ZT6T4ZPF,双湖
TV9JG0M1S9QU,阿里
TV3SR5FNQ16U,普兰
TV8EPFU86C2D,札达
TVBBYSRN1R0G,噶尔
TVBTYHDKDEH2,日土
TVC8MFJZ9JB0,革吉
TVEZC01CHURT,改则
TVS86P4BSG4G,措勤
WQJ6YY8MHZP0,西安
WQJ6ZQ76D36J,新城
WQJ6YUKZ3YZQ,碑林
WQJ6YVZPX158,莲湖
WQJDCY2TU0U9,灞桥
WQJ7P51HQNTN,未央
WQJ6WSDSFJ3E,雁塔
WQJTJQM8RHQG,阎良
WQJET2GEF2QS,临潼
WQJ6QU2QSVXJ,长安
WQJS6JVXU4X1,高陵
WQJ1ZR8NGKTP,邑
WQJDR8U6HTKH,蓝田
WQHFQHKYDTXT,周至
WQJQWC27HZX1,铜川
WQJX9BNWGGSM,王益
WQJXF82REX68,印台
WQJQXUUZDPCC,耀州
WQM97H6GBQ33,宜君
WQH5TBCEVBMU,宝鸡
WQH5W1KDPKXE,渭滨
WQH5W44QT9Y2,金台
WQH7E2B7Y26U,陈仓
WQHK7KPTX67K,凤翔
WQHEBZQMZC2Q,岐山
WQHEW8UEC0MU,扶风
WQHE5BMPKZPM,眉县
WQ5YX3MG1RW9,陇县
WQHJJGCDVUJV,千阳
WQHTK9718H8F,麟游
WQ58ZYVQRFKC,凤县
WQH3F4K01K24,太白
WQJ7398FTXFD,咸阳
WQJ739F0DUXQ,秦都
WQHFGRM2FMCW,杨陵
WQJ76R8T4XW1,渭城
WQJKYY2KHGZ0,三原
WQJKKMZXFF99,泾阳
WQHUQVFXVF91,乾县
WQJH5HVH91G7,礼泉
WQHVKSCY5SGF,永寿
WQK8HXGNB58F,长武
WQJPC17KZFW8,旬邑
WQJJYG981MUJ,淳化
WQHFYNSV4XP8,武功
WQJ5HS0EZPQT,兴平
WQHZ73J2W931,彬州
WQJU78X3NFJU,渭南
WQJU72QMUR28,临渭
WQNH3UHJD6KK,华州
WQNKS3EH34V3,潼关
WQNJVX0SDWJJ,大荔
WQQ26T2V95BZ,合阳
WQQ0JS2D6EM4,澄城
WQJYVD3WX04N,蒲城
WQMBJS3DR564,白水
WQJTSQN3QMS8,富平
WQQ9BFUTVX25,韩城
WQNK8VMBCGJ4,华阴
WQTB5QBFKYSB,延安
WQTB5MNX09S1,宝塔
WQT9XXURKDHH,安塞
WQW0P55TCY0Z,延长
WQW3G1Y9S469,延川
WQTGPX73BJXJ,子长
WQT37NGUH9QR,志丹
WQSFKHBQGXQK,吴起
WQMY2KD4RDJV,甘泉
WQMU8VBY9WNU,富县
WQMG6PSRRG61,洛川
WQQM4FXQ7P44,宜川
WQQ47JPU82XX,黄龙
WQMDQJ1KT88R,黄陵
WMUH5K1WDWZC,汉中
WMUH5KNUSFE5,汉台
WMU59R2NCTFG,南郑
WMUKD6G2DRBS,城固
WMUKZRE888U6,洋县
WMUES7GDRJ87,西乡
WMGUE6F8XPUU,勉县
WMGDCB8BS7W4,宁强
WMGMXE81662F,略阳
WMU9P3FKUPX2,镇巴
WMUP302F8W4R,留坝
WMUY9PUWKM58,佛坪
WQY1BBWVNM4Q,榆林
WQY1C2TT0M5Q,榆阳
WQTXYSX6B89Z,横山
WQYYP3NWNX6D,府谷
WQTMGUCEZU00,靖边
WQSTB3PZMEXP,定边
WQWMKF9T74WM,绥德
WQWQG0NTSN49,米脂
WQY86134D9DY,佳县
WQWTP9X4H1BR,吴堡
WQW6CY4YTUZR,清涧
WQWNPB92KU69,子洲
WQYSFKZ9HSEU,神木
WMV9BV1YY1EC,安康
WMVD0B77K0R2,汉滨
WMV5HVR23HXB,汉阴
WMUUP294PYD3,石泉
WMVJ8CSPNFNN,宁陕
WMV1J8J4SR3K,紫阳
WMTRY5DT9UTM,岚皋
WMVB264PXTVB,平利
WMTVK5W42YWZ,镇坪
WMVFC080DEX6,旬阳
WMY69QSQ7GQM,白河
WQN0TV21C6RY,商洛
WQN0TTBE49T5,商州
WQN3FH44QURY,洛南
WMYRWWGUER6D,丹凤
WMYYEPUQ7M02,商南
WMYNSRUNMT42,山阳
WMVW5V8XG7DV,镇安
WMVXDEK0NR01,柞水
WQ3V4QR6VR6G,兰州
WQ3V4S13X6PJ,城关
WQ3V1TSRUYEZ,七里河
WQ3TMGVY4T5S,西固
WQ3V2HRWPPME,安宁
WQ3NU8K6H92P,红古
WQ92VYQZV2M0,永登
WQ3YTMWJDDCG,皋兰
WQ65CQ3C7U75,榆中
WPJFKJQ5BCWZ,嘉峪关
WQBEJ0TNY84M,金昌
WQBEJKQP0G5C,金川
WQB987HQ3HYC,永昌
WQ6PFTTX1VY6,白银
WQD8CQQZU032,平川
WQD2N13ESY17,靖远
WQ6EN6ZPD6M7,会宁
WQD524VQQVBQ,景泰
WQ5HTXNGNE1W,天水
WQ5HTXRPUXMC,秦州
WQ5KJ8PFPH4X,麦积
WQ5MXN192JX8,清水
WQ5NKEFS3RNU,秦安
WQ4VSF6UYVHX,甘谷
WQ4TD8E69JH5,武山
WQ5X15E1C2US,张家川
WQ8ZZ2UYK26X,武威
WQ8ZZ8SD0P07,凉州
WQC79WS9F1FC,民勤
WQ9JJJ4YTF20,古浪
WQ966U0BP5TS,天祝
WNZMMYCRWTUZ,张掖
WNZMQQUDYXMD,甘州
WNYUFUV14HXU,肃南
WNZDW5YYUR0Z,民乐
WNZNX7MSF0TW,临泽
WPNBP2YTNS4D,高台
WNZUS5SJYEYY,山丹
WQ7F5V8HRBZU,平凉
WQ7F5RDTZ0KF,崆峒
WQK2GR8KNM6G,泾川
WQHX8BQ3XCB6,灵台
WQK0GD0V7UBQ,崇信
WQ72JPZQB5E6,庄浪
WQ74JDNYYXCT,静宁
WQ7B6GS5M5GG,华亭
WPN41UK0D3H6,酒泉
WPN41E4Z384M,肃州
WPN76W0U3H0V,金塔
WPK0M8YWC8WC,瓜州
WP52Z43S8JZW,肃北
WP516W3J2R6N,阿克塞
WPJJ0KV8HBJP,玉门
WP5K632W4YHQ,敦煌
WQKE38EK0NBP,庆阳
WQKE30MY2FBB,西峰
WQKSYCEG4NQK,庆城
WQS21EJMZNNZ,环县
WQKZ3PHTHKG8,华池
WQKGF0CF87VY,合水
WQM1FN8DKP8U,正宁
WQK9ZY8FQR8K,宁县
WQK4ZRKEJ41D,镇原
WQ66KU06BHB1,定西
WQ66KTJUW8WP,安定
WQ6B5PBWYG84,通渭
WQ4RHGT1Z8YS,陇西
WQ4PGE4XN48S,渭源
WQ3C78EZ6QJ8,临洮
WQ4Q320XZQY5,漳县
WQ1GZ7B369NN,岷县
WMFTU75WU2CG,陇南
WMFW5823J5Q2,武都
WMGPVSQGQX9X,成县
WMF7QN3ESV1Q,文县
WQ41XNX5WK11,宕昌
WMGJDGX96674,康县
WQ4CS1JHGGDU,西和
WQ4F3NQ2YTGC,礼县
WQ52JGTHE0M0,徽县
WQ58FYVQ3D2C,两当
WQ36SBF902FR,临夏
WQ3C0NYT5JVK,康乐
WQ3KRHG76MRY,永靖
WQ39V4BTUZMG,广河
WQ33XCC4TW9Q,和政
WQ3DBVT8F9UN,东乡
WQ35K6M0DDYK,积石山
WQ1PJB8R8EFB,甘南
WQ1NYPBJ3BD7,合作
WQ1MRUCNJSC6,临潭
WQ1SEPN7HG1W,卓尼
WQ40NVRYV22S,舟曲
WQ13SYDE8K43,迭部
WQ096TT077KK,玛曲
WQ0UEZPEJ54Q,碌曲
WQ2BHZUYC5SD,夏河
WQ82K43YVYU8,西宁
WQ82HWCF35QF,城东
WQ2RFKFNPJ35,城中
WQ827EYPSNYH,城西
WQ827XYMV34P,城北
WQ861FCHGDZN,大通
WQ2PXK95BT1K,湟中
WQ808MQS6P94,湟源
WQ2Y3RYEE7DY,海东
WQ2ZD0VRKUYH,乐都
WQ2XEU9EBMPH,平安
WQ3NEM8TTDGG,民和
WQ83XBTWR1TG,互助
WQ2TR5Y9XXZ0,化隆
WQ2GGYR9MH67,循化
WNXF241JU7T0,海北
WQ8K8KV6M95C,门源
WNZ31NRYD7CG,祁连
WNXCCV7QHD93,海晏
WNXHQE8RN077,刚察
WQ2D1TXVBJ01,黄南
WQ2D1D0WYRCT,同仁
WQ2S3SZGRM6N,尖扎
WQ0PM100W37C,泽库
WQ0JXFQUGT4Z,河南
WNRW6560ZURV,海南
WNRW3ST4RFJV,共和
WNR8890F4U70,同德
WQ2JH4EN6R1D,贵德
WNR47J5HWBER,兴海
WNRDKT5UT0SZ,贵南
WNPK15RJ0H84,果洛
WNPK0UCK83BG,玛沁
WJZEK4TR5HGV,班玛
WNP1320CWDZP,甘德
WNNB584BJ218,达日
WMBNJJXRZ7SM,久治
WNJYDHURXZF1,玛多
WJUGXXRYCVG7,玉树
WJGG0T726UW2,杂多
WJVJCDF43FZE,称多
WN5BXFHQE3RE,治多
WJSX5MYDDGN1,囊谦
WNH45VPMTV1K,曲麻莱
WNTHRYRP0P8J,海西
WN7RPW01FK0F,格尔木
WNTHXEN8J2YM,德令哈
WN9RXN2FUH78,茫崖
WNW40FYUY6FQ,乌兰
WNMWXB5WVDKW,都兰
WNWKJQ20JPZQ,天峻
WQGDF7NXZRZB,银川
WQGDFECDFF07,兴庆
WQG7P9J0MMRM,西夏
WQGDC7YKHVCU,金凤
WQG9CB8VHMNN,永宁
WQGEK1CDN8GE,贺兰
WQG8EXGHSDF8,灵武
WQGTUXRECXJN,石嘴山
WQGTUR539D4N,大武口
WQGZMC4ZF66C,惠农
WQGV21SBBVT6,平罗
WQG80DH3X35S,吴忠
WQG80FD6W5XP,利通
WQEKVMHBDMR4,红寺堡
WQSQGVWK3QKQ,盐池
WQE66K084GSK,同心
WQG2M9MFD1SQ,青铜峡
WQ7SF3WEPQRU,固原
WQ7SFD33FJDT,原州
WQ7HTUNHRTFP,西吉
WQ76WU6JX1R0,隆德
WQ79GDGJUX6E,泾源
WQ7GFQM97H6G,彭阳
WQDV3QM9ZDUM,中卫
WQDV3T4WV5WP,沙坡头
WQEJHX48C6QU,中宁
WQE0H17GXQJG,海原
TZY33C4YJBP3,乌鲁木齐
TZY9UBXJKW3F,天山
TZY31M8B0VK0,沙依巴克
TZY39NJQF8E4,新市
TZY3672F74BZ,水磨沟
TZY1T755SJTZ,头屯河
TZWY97DH51SN,达坂城
TZY656TH0C43,米东
TZWRVZM42Y62,乌鲁木齐县
TZUK5TE15104,独山子
VBH77M0RQ24G,克拉玛依
VBHECPMVBC2Y,白碱滩
VBHYJSW72WWD,乌尔禾
TZXKM4G9GS71,吐鲁番
TZXKM3JHFK87,高昌
WP85VH0PY75Z,鄯善
TZX537BGWDP0,托克逊
WPDE8HGNVFWJ,哈密
WPD7XUNHKNBN,伊州
WPF0H30S3J44,巴里坤
WPEQ4CQMTBQ5,伊吾
TZY46T9GJ6Y0,昌吉
TZYE4J306SDB,阜康
TZVG36WXHUBM,呼图壁
TZVK1BX6PWE9,玛纳斯
TZZDQMW5J6C2,奇台
TZZ6M3FYSD7X,吉木萨尔
WPB1Q75BK2PN,木垒
TZFR7QSK5DH2,博尔塔拉
TZFR7TC93WEK,博乐
VB48ZP18XJHZ,阿拉山口
TZFVTZPMGFX5,精河
TZCXGFS1PZE5,温泉
TZMM84XHV4GU,巴音郭楞
TZMM87UXBKRG,库尔勒
TZ7VTTGD1K6R,轮台
TZM74EVKDWMM,尉犁
TYYTYR77VZJN,若羌
TYUBFM3537NM,且末
TZMX3FW7E0QT,焉耆
TZT2Y04ECGV3,和静
TZTB2Z0B9ENG,和硕
TZMWG64P1R1Y,博湖
TZ344WFBDS60,阿克苏
TZ34CDV9QMXZ,温宿
TZ7J24BUT5SJ,库车
TZ6F7XYECUCV,沙雅
TZ6SREGQR92H,新和
TZ6JYCRYTKB8,拜城
TZ266ZVEBUCV,乌什
TZ1PJH6YVUBN,阿瓦提
TZ0NQUF3WE0N,柯坪
TXN1VJTX2P0K,克州
TXN1VQC3C8ST,阿图什
TWYN8R1172BW,阿克陶
TXRBC5JD93PB,阿合奇
TXJ9BQG3U0DV,乌恰
TXN08CQCQM63,喀什
TXJBN0BM1H56,疏附
TXN04S9CTKQ4,疏勒
TWYJMQCR9TUX,英吉沙
TWYCNQ6Q9EB5,泽普
TWYFT6JHTRJG,莎车
TWXP3XZDBZB1,叶城
TWZJQCX0BJSD,麦盖提
TWYX4VW5QDHC,岳普湖
TXN8DNC04TDY,伽师
TXPF73WR79MP,巴楚
TWTQZ9VXCN1J,塔什库尔干
TY8G4T7ZWVX1,和田
TY8SN2C97XSC,墨玉
TWXWJ29B2HQ9,皮山
TY94BS3K3KV7,洛浦
TY96QXSU87YV,策勒
TYD1DKQ6BCVU,于田
TYDFCKMSRSU7,民丰
TZCCFD84WXV4,伊犁
TZCCF7RKT36V,伊宁
TZUKEYQM32HM,奎屯
TZC5MZQTRD5Y,霍尔果斯
TZCFPN341DJW,伊宁县
TZC9QE58K01W,察布查尔
TZCD87P1BE5J,霍城
TZDRR5Q13GKN,巩留
TZEPN6HY1DG1,新源
TZ9TQPJNFP08,昭苏
TZDJY5FY9PYQ,特克斯
TZF9J3FSVRD8,尼勒克
VB71BQ84QPSS,塔城
TZUHYBNPE023,乌苏
VB72XN98BHXT,额敏
TZUUHQ48FWGQ,沙湾
VB5MQ379THW4,托里
VB5NB62NW0HW,裕民
VBKFNXEMUB2D,和布克赛尔
VBW8JQY63YDB,阿勒泰
VBMZ27D0XSMZ,布尔津
VBREMH46Z5N0,富蕴
VBQHP1GTCU8U,福海
VBT3QWCH5CQX,哈巴河
Y02388H8QWSD,青河
VBMJF4RGV0C6,吉木乃
TZVHJ8T4HQ93,石河子
TZ1Y9TFKC7BS,阿拉尔
TZ04Z1NF3P4V,图木舒克
TZY7200FWT0M,五家渠
VBQMNXK3YFKV,北屯
TZKYJKV2ZPNW,铁门关
TZFX1GQY86PS,双河
TZC9UPSYFNPD,可克达拉
TY87SMB6KKFW,昆玉
WEVV5TEP8D3H,恒春
WSJ6Z5NBXNB0,台南
WSJ89JC5P1S7,高雄
WSJ8VWFY76R3,屏东
WSJN13BN6HU0,马公
WSJTS6QKYMHX,嘉义
WSN1KVD8RE7K,云林
WSJWYWP7083Z,鹿谷乡
WSJZ5FCK9PXR,彰化
WSM8YXXK0T3G,南投
WSMB1FT0NG1T,台中
WSMC3UM5YY39,苗栗
WSMGSCECS52T,台东
WSQ02DZQ65HE,埔里
WSQ2RJ6MT7GZ,花莲
WSQJ0Q34GR2E,新竹
WSQM81BYPZ6P,大溪
WSQQ01XUYC7E,桃园
WSQQMXBCC2VS,台北
WSQSFMPXSWEV,宜兰
WSQWFQ3WXV69,基隆
WECNV8ZNE40W,香港
WECNYQ9U02EE,九龙
WECPHRTP69SV,荃湾
WECPJQ06ZPUE,新界
WEBTFUSKS7HB,澳门
WEBVB7GZ9P8N,路环岛
WEBY02613HF6,胱械
